name,post_count
fan_character,154806
twilight_sparkle_(mlp),38517
judy_hopps,37810
fluttershy_(mlp),30834
rainbow_dash_(mlp),29747
nick_wilde,29022
rouge_the_bat,28702
loona_(helluva_boss),26707
rarity_(mlp),26024
pinkie_pie_(mlp),25332
sonic_the_hedgehog,23566
applejack_(mlp),21966
princess_celestia_(mlp),21784
amy_rose,21256
princess_luna_(mlp),20877
miles_prower,20015
toriel,19323
krystal_(star_fox),17866
isabelle_(animal_crossing),16671
bowser,15278
spike_(mlp),12497
fox_mccloud,12270
anon,10187
blaze_the_cat,10185
ankha_(animal_crossing),9897
shadow_the_hedgehog,9124
queen_chrysalis_(mlp),8874
foxy_(fnaf),8673
legoshi_(beastars),8670
cream_the_rabbit,8495
sweetie_belle_(mlp),7981
ralsei,7946
princess_cadance_(mlp),7705
trixie_(mlp),7604
shining_armor_(mlp),7488
roxanne_wolf,7428
nicole_watterson,7416
midna,7354
big_macintosh_(mlp),7327
susie_(deltarune),7264
apple_bloom_(mlp),7058
stitch_(lilo_and_stitch),6979
scootaloo_(mlp),6799
link,6753
vanilla_the_rabbit,6720
falco_lombardi,6606
sally_acorn,6538
coco_bandicoot,6415
asriel_dreemurr,6400
wolf_o'donnell,6392
derpy_hooves_(mlp),6250
death_(puss_in_boots),6215
scp-1471-a,6132
diane_foxington,6028
undyne,5918
knuckles_the_echidna,5897
kris_dreemurr,5843
toy_chica_(fnaf),5777
pokemon_trainer,5768
hornet_(hollow_knight),5683
alphys,5596
lola_bunny,5354
spyro,5139
kindred_(lol),5094
wonderbolts_(mlp),5062
lamb_(lol),4982
asgore_dreemurr,4979
bonnie_(fnaf),4972
frisk_(undertale),4953
moxxie_(helluva_boss),4935
vinyl_scratch_(mlp),4839
rivet_(ratchet_and_clank),4730
freddy_(fnaf),4712
noelle_holiday,4710
master_tigress,4678
starlight_glimmer_(mlp),4586
villager_(animal_crossing),4387
discord_(mlp),4342
sans_(undertale),4325
gumball_watterson,4309
stolas_(helluva_boss),4303
millie_(helluva_boss),4234
octavia_(mlp),4200
princess_zelda,4172
asriel_dreemurr_(god_form),4127
meow_skulls,4110
rocket_raccoon,4097
fang_(gvh),3966
nightmare_moon_(mlp),3934
mae_borowski,3927
lamb_(cult_of_the_lamb),3908
mr._wolf_(the_bad_guys),3817
chica_(fnaf),3761
anubis,3752
princess_peach,3640
lyra_heartstrings_(mlp),3591
michiru_kagemori,3564
mangle_(fnaf),3558
toy_bonnie_(fnaf),3475
carmelita_fox,3471
tom_nook_(animal_crossing),3469
mario,3412
blitzo_(helluva_boss),3403
ratchet_(ratchet_and_clank),3335
muffet,3292
background_character,3273
maid_marian,3177
juno_(beastars),3165
temmie_(undertale),3155
anon_(snoot_game),3150
kirby,3133
shantae,3087
poppy_(lol),3078
simba_(the_lion_king),3077
katia_managan,3060
haida_(aggretsuko),3058
surge_the_tenrec,3058
nala_(the_lion_king),3054
gadget_hackwrench,3015
bandit_heeler,2986
sunset_shimmer_(eg),2934
sheriff_mao_mao_mao,2933
cynder,2920
puss_in_boots_(dreamworks),2909
king_sombra_(mlp),2903
kitty_katswell,2867
spitfire_(mlp),2837
pinkamena_(mlp),2825
koopaling,2809
haru_(beastars),2797
louis_(beastars),2781
gilda_(mlp),2774
glamrock_freddy,2736
whisper_the_wolf,2730
retsuko,2707
silver_the_hedgehog,2649
tristana_(lol),2578
finnick_(zootopia),2578
octavia_(helluva_boss),2568
fenneko,2551
bugs_bunny,2549
stella_(helluva_boss),2545
felicia_(darkstalkers),2516
crash_bandicoot,2505
toothless,2502
zecora_(mlp),2491
the_knight_(hollow_knight),2482
rumi_usagiyama,2468
godzilla,2454
marina_(splatoon),2449
kass_(tloz),2428
red_crown_(cult_of_the_lamb),2427
angel_dust,2412
tawna_bandicoot,2390
peg_pete,2345
raven_team_leader,2328
tasque_manager,2312
samus_aran,2311
von_lycaon,2304
cutie_mark_crusaders_(mlp),2291
papyrus_(undertale),2275
ych_(character),2249
morgana_(persona),2234
princess_ember_(mlp),2214
springtrap_(fnaf),2193
link_(wolf_form),2168
soarin_(mlp),2168
klonoa,2159
sly_cooper,2157
beerus,2157
venom_(marvel),2134
silver_soul,2134
bea_santello,2131
blaidd_(elden_ring),2131
glamrock_chica,2122
raphael_(tmnt),2096
raymond_(animal_crossing),2090
jenny_wakeman,2083
protagonist_(tas),2083
puro_(changed),2083
vex_(lol),2059
ben_bigger,2057
sandy_cheeks,2047
maud_pie_(mlp),2044
minerva_mink,2028
montgomery_gator,2017
chief_bogo,2006
wave_the_swallow,1990
tangle_the_lemur,1987
amaterasu_(okami),1981
jack_savage,1971
leonardo_(tmnt),1953
sticks_the_jungle_badger,1949
jack_(beastars),1935
freya_crescent,1931
jax_(tadc),1929
warfare_krystal,1927
rigby_(regular_show),1920
digby_(animal_crossing),1916
catnap_(poppy_playtime),1910
moritaka_(tas),1893
bunnie_rabbot,1849
robin_hood,1840
fifi_la_fume,1837
mordecai_(regular_show),1830
ahri_(lol),1829
master_po_ping,1801
elora,1800
smolder_(mlp),1790
bonbon_(mlp),1781
royal_guard_(mlp),1779
leib_(tas),1776
banjo_(banjo-kazooie),1756
twilight_velvet_(mlp),1749
meowscles,1734
pikachu_libre,1679
michelangelo_(tmnt),1677
teemo_(lol),1662
shirou_ogami,1657
flutterbat_(mlp),1648
sasha_(animal_crossing),1647
badgerclops,1638
marie_(splatoon),1634
cheerilee_(mlp),1627
porsha_crystal,1626
sybil_(pseudoregalia),1621
tempest_shadow_(mlp),1615
mal0,1600
flick_(animal_crossing),1597
sable_able,1597
lanolin_the_sheep_(sonic),1591
wolf_(lol),1588
audie_(animal_crossing),1582
callie_briggs,1576
master_splinter,1573
waaifu_(arknights),1552
gideon_grey,1549
nanachi,1548
dogday_(poppy_playtime),1541
donatello_(tmnt),1531
yasuyori_(tas),1523
chara_(undertale),1517
naomi_(gvh),1512
donkey_kong_(character),1510
skye_(zootopia),1504
neco-arc,1494
tikal_the_echidna,1493
lammy_lamb,1493
braeburn_(mlp),1488
trish_(gvh),1481
pirate_tawna,1478
marble_pie_(mlp),1467
lord_dominator,1464
flowey_the_flower,1460
warwick_(lol),1458
angel_(lilo_and_stitch),1456
sonic_the_werehog,1449
claire_(the_summoning),1448
soraka,1444
ori_(ori),1436
olivia_halford,1429
horkeu_kamui_(tas),1414
mane_six_(mlp),1410
santa_claus,1409
kazooie,1403
mokdai,1401
fidget_(elysian_tail),1398
carrot_(one_piece),1396
pearl_(splatoon),1394
li_li_stormstout,1386
benjamin_clawhauser,1382
flora_(twokinds),1381
rambley_raccoon,1365
wendy_o._koopa,1362
izzy_moonbow_(mlp),1362
cream_heart,1358
vortex_(helluva_boss),1354
catty_(undertale),1353
max_goof,1346
warfare_goat,1340
max_(sam_and_max),1332
gnar_(lol),1318
callie_(splatoon),1317
marshal_(animal_crossing),1312
queen_bee-lzebub_(helluva_boss),1310
jenna_(balto),1302
minnie_mouse,1302
gummigoo_(tadc),1301
wendell_(fortnite),1301
gazelle_(zootopia),1299
yuumi_(lol),1295
taokaka,1292
luigi,1291
wolf_(petruz),1289
gyro_feather,1284
big_the_cat,1284
pomni_(tadc),1279
diamond_tiara_(mlp),1278
cherry_(animal_crossing),1274
toy_freddy_(fnaf),1272
funtime_foxy_(fnaf),1264
sunburst_(mlp),1264
coco_pommel_(mlp),1263
flurry_heart_(mlp),1263
fennix_(fortnite),1260
apogee_(tinygaypirate),1256
stella_(gvh_beta),1253
revali,1250
nicole_the_lynx,1241
scar_(the_lion_king),1237
cosplay_pikachu_(character),1237
oscar_(fortnite),1229
anais_watterson,1225
button_mash_(mlp),1222
bowser_jr.,1222
kuruk_(character),1221
polar_patroller,1217
ilulu,1217
mickey_mouse,1215
keith_keiser,1213
gallus_(mlp),1210
kathrin_vaughan,1203
nasus_(lol),1203
anonymous_character,1196
gregg_lee,1196
ran_yakumo,1195
torahiko_(morenatsu),1194
switch_dog,1191
brok_(brok_the_investigator),1191
vanny_(fnaf),1189
pipp_petals_(mlp),1186
natani,1183
brian_griffin,1181
penny_fitzgerald,1180
slippy_toad,1180
sisu_(ratld),1178
rosa_(gvh),1177
sunny_starscout_(mlp),1175
amicus_(adastra),1173
bluey_heeler,1160
tony_tony_chopper,1158
hatsune_miku,1156
lulu_(lol),1155
dawn_bellwether,1143
rudolph_the_red-nosed_reindeer,1142
little_red_riding_hood,1132
pirate_eagle,1132
shibeta,1130
juuichi_mikazuki,1123
unnamed_character,1122
krampus,1117
dr._eggman,1114
jon_talbain,1114
rebecca_cunningham,1113
ganglie_(tas),1113
inkling_girl,1100
rescued_dragons_(spyro),1097
momiji_inubashiri,1092
golden_freddy_(fnaf),1091
classic_chica_(fnaf),1090
king_k._rool,1083
angel_(mlp),1078
cu_sith_(tas),1075
chilli_heeler,1067
lin_(changed),1063
silver_spoon_(mlp),1062
tadatomo_(tas),1061
ashido_mina,1060
fexa_(cryptiacurves),1049
babs_bunny,1048
volos_(tas),1046
reuben_(lilo_and_stitch),1043
veigar,1042
lizard_(petruz),1041
brandy_harrington,1040
rengar_(lol),1039
ash_ketchum,1038
charlie_morningstar,1037
gyobu_(tas),1036
momo_(google),1036
baloo,1035
monster_kid,1035
fizz_(lol),1032
zig_zag,1028
kyappy,1026
seth_(tas),1026
officer_flint_(foresttherotten),1026
jenny_(bucky_o'hare),1025
spongebob_squarepants_(character),1024
garfield_the_cat,1024
mrs._cake_(mlp),1023
kiara_(the_lion_king),1023
warfare_renamon,1023
narinder,1022
roxanne_rover,1021
ridley,1021
nika_sharkeh,1019
mettaton,1018
wile_e._coyote,1016
sash_lilac,1015
richard_watterson,1014
kurama,1009
verosika_mayday,1008
reed_(gvh),1004
balto,990
anonymous,989
c.j._(animal_crossing),985
shenzi_(the_lion_king),981
mina_mongoose,976
samuel_dog,974
limestone_pie_(mlp),971
frenni_(cryptiacurves),968
twitch_(lol),961
princess_daisy,960
scooby-doo,957
vivian_(mario),956
thunderlane_(mlp),956
aak_(arknights),953
finn_the_human,950
tony_the_tiger,948
licho_(tas),945
pack_leader_highwire,945
renekton,945
mrs._katswell,945
zipp_storm_(mlp),944
vector_the_crocodile,942
pulchra_fellini,941
goon_(goonie_san),941
hilda_(pokemon),935
barrel_(live_a_hero),934
miyu_(star_fox),934
nazuna_hiwatashi,934
warfare_flint,932
big_bad_wolf,931
may_(pokemon),924
kovu_(the_lion_king),924
artica_sparkle,920
mia_moretti,919
marceline_abadeer,918
conker,918
shota_feline_(marimo),916
jake_long,914
ashigara_(tas),912
brooklyn_(gargoyles),911
rauru_(tears_of_the_kingdom),909
cupcake_(fnaf),905
firecat,904
hung_(arknights),901
morrigan_aensland,898
babs_seed_(mlp),897
alp_(tas),897
king_dedede,893
rocko_rama,893
fiona_fox,893
goofy_(disney),888
yuki_(evov1),888
volibear,886
liara_t'soni,886
peppy_hare,884
daybreaker_(mlp),883
holo_(spice_and_wolf),882
dot_warner,881
commander_shepard,878
ashley_graham_(resident_evil),869
jet_the_hawk,868
kaa_(jungle_book),867
berdly,863
nifram_logan,862
crewmate_(among_us),857
lolbit_(fnaf),857
marine_the_raccoon,857
unikitty,856
daring_do_(mlp),855
trace_legacy,854
firondraak,853
night_light_(mlp),853
daffy_duck,849
sarabi_(the_lion_king),849
hitch_trailblazer_(mlp),849
lilo_pelekai,847
dawn_(pokemon),845
mufasa,844
classic_sonic,844
honey_the_cat,843
prince_sidon,841
pepe_le_pew,836
chance_furlong,834
mad_rat_(mad_rat_dead),833
master_viper,833
donald_duck,831
nameless_character,830
bonfie_(cryptiacurves),826
ganondorf,826
red_xiii,825
venus_spring,824
champa,824
fenavi_montaro,823
tsunoda_(aggretsuko),823
mr._snake_(the_bad_guys),822
raven_(dc),821
nurse_redheart_(mlp),820
belladonna_(trials_of_mana),817
sherri_mayim,812
frieren,812
busty_bird,810
ryekie_(live_a_hero),808
xero_(captainscales),807
autumn_blaze_(mlp),804
teba_(tloz),802
doctor_whooves_(mlp),802
hello_kitty_(character),802
kuromi,802
garrus_vakarian,800
squirrel_girl_(marvel),800
dolly_(101_dalmatians),800
suki_lane,799
teryx_commodore,797
neptune_mereaux,794
tsukino_(monster_hunter_stories),793
jean_(minecraft),787
sue_sakamoto,786
skyrim_werewolf,785
teemo_the_yiffer,785
nightmare_rarity_(idw),784
blue_(jurassic_world),781
azzilan,781
kion_(the_lion_guard),780
aeris_(vg_cats),779
buster_bunny,779
clawroline,778
gantu,778
circe_(pankallisti),777
tweetfur,777
sponty,776
lotus_(mlp),775
ms._harshwhinny_(mlp),775
rory_(ceehaz),774
aloe_(mlp),774
angus_delaney,770
classic_amy_rose,769
rover_(animal_crossing),769
ippan_josei,768
nightshade_(kadath),768
silly_cat_(mauzymice),767
fleur_de_lis_(mlp),765
darwin_watterson,762
meow_(space_dandy),761
bathym_(tas),760
marionette_(fnaf),759
infinite_(sonic),758
hekapoo,758
broodal,758
kanga,757
misty_(pokemon),757
a-chan,757
yorha_2b,751
gwen_martin,751
moondancer_(mlp),749
bolt_(bolt),749
baphomet_(deity),749
kouya_(morenatsu),749
casimira_(orannis0),747
carol_tea,744
survivor_(rain_world),742
captain_amelia,742
kit_(kitsune_youkai),742
dire_(fortnite),741
tali'zorah,739
alex_marx,738
cheese_the_chao,737
raine_silverlock,737
nadia_fortune,736
gouhin_(beastars),733
tulin_(tloz),733
jessica_rabbit,732
the_deadly_six,730
polly_esther,730
bill_(beastars),727
marci_hetson,727
bambi,727
steele_(balto),727
olivia_(animal_crossing),726
mayor_mare_(mlp),726
rosalina_(mario),726
hex_maniac,725
moushley,724
sledge_revorse,723
lovetaste_chica,723
ivy_(deadlock),723
thomas_cat,723
velvet_reindeer_(tfh),723
bob_(animal_crossing),722
fink_(ok_k.o.!_lbh),720
jerry_mouse,719
inco_(iwhtg),714
adorabat,714
rumble_(mlp),712
white_canine_(marimo),710
cate_meowdy,710
alastor_(hazbin_hotel),709
husk_(hazbin_hotel),709
vitani_(the_lion_king),709
milla_basset,705
ruri_tsukiyono,704
roflfox,703
angel_(lady_and_the_tramp),703
catti_(deltarune),703
angela_flux,703
vicar_amelia,701
tsathoggua_(tas),701
mia_(world_flipper),701
thorax_(mlp),701
chubby_protagonist_(tas),700
berry_punch_(mlp),699
lop_(star_wars_visions),699
adelia_(changbae),698
silverstream_(mlp),698
frye_(splatoon),698
kimiko_five-tails,695
hiro_amanokawa,693
sandbar_(mlp),691
dixie_kong,691
april_o'neil,690
averi_(fiddleafox),687
808_(hi-fi_rush),687
orisa_(overwatch),687
crusch_lulu,686
noms_(nimzy),686
katrina_fowler,683
hariet_(mario),683
luck_(animancer),681
naser_(gvh),680
sallie_may_(helluva_boss),679
tifa_lockhart,678
kalnareff_(character),677
zhen_(kung_fu_panda),676
dragonplayer_(character),675
ivy_pepper,674
rosie_(animal_crossing),672
zorori,672
akari_(pokemon),671
shima_luan,669
alex_(harmarist),669
tany_(doneru),669
fay_(star_fox),668
diddy_kong,668
shiver_(splatoon),667
bingo_heeler,665
crazy_redd,665
gabby_(mlp),664
mettaton_ex,664
king_ghidorah,663
haydee,663
warfare_fox,662
helia_peppercats,661
manitka_storm,661
doom_slayer,660
masyunya_(vkontakte),659
beast_(disney),656
chip_(disney),655
leon_powalski,655
yuni_hermit,653
karyl_(princess_connect!),653
pear_butter_(mlp),653
beau_(animal_crossing),651
aleu_(balto),649
leona_(aka)_little_one,648
espio_the_chameleon,647
mabel_able,647
jake_the_dog,646
emelie_(cyancapsule),646
aurelion_sol_(lol),646
tiger_dancer_(zootopia),645
shiron,644
jake_clawson,644
princess_bubblegum,641
bonnie_hopps,641
tagg,640
snails_(mlp),640
miia_(monster_musume),639
panda_(we_bare_bears),639
yakko_warner,638
flash_sentry_(mlp),637
cerberus_(fortnite),635
tiny_kong,634
rip_(psy101),629
bronwyn_(adventure_time),628
pumkat,628
protagonist_(live_a_hero),628
princess_ruto,625
easter_bunny,625
heart_(mad_rat_dead),625
solar_flare_(pvz),625
apollo_(animal_crossing),622
blahaj,621
big_man_(splatoon),621
dingodile,620
pipsqueak_(mlp),620
tama-tama,619
makoto_nanaya,618
gloria_(madagascar),618
scourge_the_hedgehog,618
gloria_(pokemon),618
nubless,617
skye_(paw_patrol),616
angela_cross,615
hoodwink_(dota),614
cozy_glow_(mlp),613
perdita,612
cynthia_(pokemon),612
lilith_calah,612
aamon_(james_howard),612
night_(dream_and_nightmare),612
runaboo_chica,611
mrs._shy_(mlp),610
squidward_tentacles,609
sean_(senz),608
dale_(disney),608
puzzle_(kadath),607
scp-1471-a_(da.nilkaz),607
fwench_fwy_(chikn_nuggit),606
chiku_(cryptiacurves),606
digi_(yourdigimongirl),605
piko_(simplifypm),604
alopex,603
kit_cloudkicker,603
shino_(tas),603
chip_(sonic),603
mrs._brisby,603
windy_whistles_(mlp),602
goat_lucifer_(helltaker),602
miranda_(wakfu),602
panther_caroso,601
will_(harmarist),601
warfare_rouge,600
grizzly_(we_bare_bears),599
kitty_softpaws,599
majin_android_21,599
goemon_(tas),598
firebrand,597
ocellus_(mlp),595
parappa,595
dudley_puppy,594
louie_duck,594
daxter,594
zen_(twokinds),593
hybrid_(fortnite),593
cloud_chaser_(mlp),591
k.k._slider,590
macan_(tas),589
jay_(1upgobbo),587
mike_schmidt,587
red_savarin,586
withered_bonnie_(fnaf),585
lady_bow,583
june_(jinu),583
scp-682,583
remmy_cormo,582
punchy_(animal_crossing),581
spider-man_(character),580
gin_(blackfox85),580
velma_dinkley,579
ruins_style_lucario,579
chikn_nuggit_(chikn_nuggit),579
whitney_(animal_crossing),578
reppy_(replica),578
kled_(lol),577
0r0,577
daisy_duck,577
elza_(interspecies_reviewers),576
mangle_(broken),576
kennen_(lol),576
quetzalcoatl_(dragon_maid),573
tai_lung_(kung_fu_panda),573
kounosuke_(morenatsu),573
pyro_(team_fortress_2),572
hazel_(shakotanbunny),571
serena_(pokemon),571
dean_(drako1997),571
lady_(lady_and_the_tramp),571
vibri,570
timon,569
neeko_(lol),569
calem_(pokemon),568
soups_(superiorfox),568
eti_(utopianvee),567
shikabane_(aggretsuko),567
spitey,566
skylar_fidchell,566
flaky_(htf),566
corrupt_cynder,566
shino_(animal_crossing),565
lin_hu,565
lila_(kashiwagi_aki),565
striker_(helluva_boss),564
death_(personification),563
off_the_hook_(splatoon),562
yoshi_(character),561
lightning_dust_(mlp),561
laura_(twokinds),559
beast_boy,559
maggie_hudson,558
dasha_(petruz),558
mrs._wilde,558
katt_monroe,557
rabbid_peach,557
izuku_midoriya,557
tadano_(aggretsuko),557
aisyah_zaskia_harnny,556
smolder_(lol),556
nazrin,556
zinovy,554
courage_the_cowardly_dog_(character),554
boron_brioche,554
dixie_(tfath),553
metal_sonic,553
law_(sdorica),552
zhali,551
mountain_(arknights),549
toon_link,549
ero_(erobos),549
rocky_rickaby,549
mora_linda,548
ceroba_ketsukane,548
bunsen,546
king_clawthorne,545
jewel_(rio),544
bojack_horseman_(character),543
red_(pokemon),542
leo_(vg_cats),542
winnie_werewolf_(hotel_transylvania),542
stellar_flare_(mlp),542
werefox_(character),541
trevor-fox_(character),541
jonty,540
ornn_(lol),540
monomasa,540
mirage_(disney),540
artificer_(rain_world),539
tommy_nook,539
fang_the_weavile,539
rumble_(lol),538
cake_the_cat,538
agyo_(tas),538
sawyer_(cats_don't_dance),537
timmy_nook,536
kitsunami_the_fennec,535
raven_hunt,534
winnie_werewolf_(ghoul_school),533
my_melody,532
glitchtrap,532
rune_(wooled),531
calvin_mcmurray,531
buxbi_(character),531
spot_(arknights),531
yohack,530
kanna_(blaster_master),530
renimpmon,529
sea_salt,528
michelle_(dashboom),528
pac-man,528
tina_(james_howard),528
ice_bear_(we_bare_bears),527
oleander_(tfh),527
gervic_(vju79),526
spring_bonnie_(fnaf),525
mineru,525
yi_(nine_sols),525
zira_(the_lion_king),523
lara_croft,523
rita_(jungledyret),522
rika_nonaka,522
cuddle_team_leader,522
bast,521
dr._voir,521
zeena,521
urbosa,520
drum_bunker_dragon,519
meru_(merunyaa),519
zim_(invader_zim),518
princess_molestia,517
stripe_heeler,517
victor_johansen,516
patricia_bunny,516
centorea_shianus_(monster_musume),516
eda_clawthorne,515
alvin_seville,515
kicks_(animal_crossing),514
purgy,514
pavita_pechugona,513
burgerpants,512
esix,512
vixavil_hayden,511
clank_(ratchet_and_clank),510
shadow_(lol),510
dakka,510
meta_knight,509
tinker_bell_(disney),509
rosa_(pokemon),508
spinel_(sepiruth),508
milky_way_(flash_equestria),507
munks_(munkeesgomu),507
gummy_(mlp),507
gemma_polson,506
minuette_(mlp),506
sora_(kingdom_hearts),505
marilyn_(quotefox),505
duck_hunt_dog,505
julie_bruin,504
chico_(fuel),503
flippy_(htf),502
batman,502
amber_(snoot_game),502
leggy_lamb,501
hadou_(satsui-n0-had0u),501
steve_(minecraft),500
dylan_(101_dalmatians),500
keeshee,499
rose_(mlp),498
pone_keith,498
goku,498
mipha,497
mr._shark_(the_bad_guys),497
wakko_warner,494
ms._tarantula_(the_bad_guys),494
milachu,492
caster_tamamo-no-mae,492
celio_(peritian),492
everest_(paw_patrol),491
graff_filsh,491
megumi_bandicoot,491
tree_hugger_(mlp),490
the_shark_(changed),490
urdnot_wrex,490
doraemon_(character),490
squid_sisters_(splatoon),489
pip_(paladins),489
cuphead_(character),489
kogenta_(onmyou_taisenki),489
roy_koopa,487
alphonse_(james_howard),487
mary_senicourt,486
jen_(vf),486
freddy_(dislyte),486
sage_(gvh),485
jacki_northstar,485
marshall_(paw_patrol),484
russell_(castbound),483
ginger_(iginger),483
kamek,483
carrot_top_(mlp),483
viola_bat_(character),482
pwink_(mr.pink),482
azula_arktandr,480
pete_(disney),480
jeane_(ceehaz),480
nia_(senz),480
jack_frost_(megami_tensei),480
etis,480
serah_(black-kitten),480
crunch_bandicoot,479
pyon_(lewdchuu),479
shin_(morenatsu),479
paprika_paca_(tfh),478
mormoopia_rouge_(bigdad),478
snips_(mlp),478
pyron,478
arizona_cow_(tfh),478
follower_(cult_of_the_lamb),477
fionna_the_human,477
kyubi_(yo-kai_watch),476
jumba_jookiba,476
pubraseer,476
lt._fox_vixen,476
circus_baby_(fnaf),475
chloe_sinclaire,474
muko,473
ganba,473
jess_(teckly),472
twink_protagonist_(tas),472
the_dark_urge_(baldur's_gate),471
colleen_(road_rovers),471
monique_pussycat,471
leo_alvarez,470
hiccup_horrendous_haddock_iii,469
mammon_(helluva_boss),469
demon_lord_dragon_batzz,469
sabrith_ebonclaw,468
likulau,468
ulti_(ultilix),467
mr._cake_(mlp),467
arno_(peritian),466
amon_(atrolux),466
jimmy_crystal,465
goumang_(nine_sols),465
stu_hopps,465
cofi_(chikn_nuggit),465
fizzarolli_(helluva_boss),463
mamoru-kun,463
panini_(chowder),462
