name,image_url
pinkie_pie_(mlp),https://static1.e621.net/data/a9/ac/a9ac67d1796dc2df2c15fefdba11324e.jpg
rarity_(mlp),https://static1.e621.net/data/74/b2/74b2a5711370d024ea989d3baab408b0.png
judy_hopps,https://static1.e621.net/data/12/15/1215c77794ab76a0286543f12e8bba7f.png
rainbow_dash_(mlp),https://static1.e621.net/data/27/f1/27f1d0aa3c28bec2973b1b86d501e07e.jpg
fluttershy_(mlp),https://static1.e621.net/data/15/2b/152b243d263bc2c8afa5f66f7688960d.png
nick_wilde,https://static1.e621.net/data/c6/f8/c6f8d194f4ed08feceeca6287c63aa5c.png
princess_celestia_(mlp),https://static1.e621.net/data/15/6b/156bdddc61098ddc81cb638e84caae0a.png
rouge_the_bat,https://static1.e621.net/data/85/19/851905575c839939650bac68c430d9ef.png
princess_luna_(mlp),https://static1.e621.net/data/10/ff/10ff89302de4d9859a1dbce4b904add4.jpg
fan_character,https://static1.e621.net/data/89/e1/89e17d45e3223a7506d43277ce7d249f.png
twilight_sparkle_(mlp),https://static1.e621.net/data/b3/7f/b37f5d4fea4c54aeb5bce6eee4e1fe30.jpg
loona_(helluva_boss),https://static1.e621.net/data/16/7a/167a0c9f203638d3e203768eb31fe05b.png
isabelle_(animal_crossing),https://static1.e621.net/data/4e/e9/4ee92b9974fb49506107d53effa79eeb.png
toriel,https://static1.e621.net/data/07/b1/07b1887efedb15e149cb8a37486a8242.png
miles_prower,https://static1.e621.net/data/1f/30/1f3030df60d0ddf3e8ddbe23c2185b06.png
fox_mccloud,https://static1.e621.net/data/72/5e/725e273dbf05a4435a39765fde435d39.png
anon,https://static1.e621.net/data/de/53/de53287d4e1f735be30adb46b1e21464.png
bowser,https://static1.e621.net/data/68/fe/68fec76a11438fbef57b040dcbd2fc6e.jpg
ankha_(animal_crossing),https://static1.e621.net/data/b6/cd/b6cd496c07843c03162c9d75d30e2977.png
amy_rose,https://static1.e621.net/data/b2/bb/b2bb7d95b0cb1ccfde4efe8ded3e88fe.png
legoshi_(beastars),https://static1.e621.net/data/2d/23/2d2369472b4d53ae9714c9243048be01.png
spike_(mlp),https://static1.e621.net/data/67/9b/679b9970bac86efb56cd2683ae2ea2a5.png
foxy_(fnaf),https://static1.e621.net/data/28/de/28de0ce7d800a53df02f1cb69886df13.png
applejack_(mlp),https://static1.e621.net/data/24/41/244182c6fcbe2afbcad8bfd5f165a1ea.jpg
queen_chrysalis_(mlp),https://static1.e621.net/data/87/47/87479a9d04abae880dad4603bae07b0a.png
ralsei,https://static1.e621.net/data/76/9c/769ccb46d99d28d9ad721a69ca60f4ac.png
princess_cadance_(mlp),https://static1.e621.net/data/b2/1d/b21dda7c14ff9f272f01ddda01a8d9db.png
trixie_(mlp),https://static1.e621.net/data/ef/ad/efad134998f73341e5b86c27e9062277.png
shadow_the_hedgehog,https://static1.e621.net/data/6b/cf/6bcf55d4c338d188b099d39daed2e717.png
blaze_the_cat,https://static1.e621.net/data/1d/51/1d51f6647bedd9e5024b4ba1579901a9.png
roxanne_wolf,https://static1.e621.net/data/8b/8a/8b8ae6b1ae9fdf3f1bc8876a9e226dbe.png
midna,https://static1.e621.net/data/f1/38/f138660497603531324b494d6022df21.png
krystal_(star_fox),https://static1.e621.net/data/9b/72/9b724358722083fcbe5b769af4f8a973.png
susie_(deltarune),https://static1.e621.net/data/a6/2d/a62d6f08f2974ac0309c67b509a8358b.png
sweetie_belle_(mlp),https://static1.e621.net/data/ab/b5/abb5c06e5675d2ce110409a12229f8c1.jpg
link,https://static1.e621.net/data/40/c1/40c14b742c5b1b8e468ce8059a80d7e3.png
big_macintosh_(mlp),https://static1.e621.net/data/67/9b/679b9970bac86efb56cd2683ae2ea2a5.png
falco_lombardi,https://static1.e621.net/data/dc/c9/dcc9848642d44ca50dd5b35442eb3b28.png
shining_armor_(mlp),https://static1.e621.net/data/88/03/88033e8f2707159cfe6645abc88e5876.png
stitch_(lilo_and_stitch),https://static1.e621.net/data/28/af/28af16b9164f8a1ea1f21d82e764f780.png
sally_acorn,https://static1.e621.net/data/fe/42/fe42984694dbb35f6b9ebd8b296cdc15.png
coco_bandicoot,https://static1.e621.net/data/0e/1c/0e1c61ea3f8c20f6885b208b2a6b2f57.png
nicole_watterson,https://static1.e621.net/data/27/a7/27a73e79b4b8708f57fd7200c202a8f3.jpg
sonic_the_hedgehog,https://static1.e621.net/data/f2/5c/f25c0cf6b553baeded81e972f6964916.png
derpy_hooves_(mlp),https://static1.e621.net/data/57/c7/57c7a5e04d952d4d7a0810a05ce48814.jpg
diane_foxington,https://static1.e621.net/data/2e/d2/2ed202f0264b750ceead5b38196a4fd4.png
wolf_o'donnell,https://static1.e621.net/data/cd/e6/cde65061673686d4d1d19da8996358a7.png
death_(puss_in_boots),https://static1.e621.net/data/bc/9b/bc9b1cdc456311739f7d1405a1b22365.png
undyne,https://static1.e621.net/data/a3/a8/a3a8fc175adde20c5003310eb8077c72.png
scootaloo_(mlp),https://static1.e621.net/data/ab/b5/abb5c06e5675d2ce110409a12229f8c1.jpg
scp-1471-a,https://static1.e621.net/data/38/28/382862bccef9b5728a363a04240b23b5.png
kris_dreemurr,https://static1.e621.net/data/a6/2d/a62d6f08f2974ac0309c67b509a8358b.png
pokemon_trainer,https://static1.e621.net/data/53/98/53983ea953512a86c81d6fdb5f9b1df1.png
hornet_(hollow_knight),https://static1.e621.net/data/5c/f6/5cf659f1c18e5375de891a6e8228eefe.png
toy_chica_(fnaf),https://static1.e621.net/data/5a/bd/5abded656dc8bf5c603642ea454223a6.jpg
lola_bunny,https://static1.e621.net/data/93/93/93931eb12309f133dce9593ea1d54d95.png
spyro,https://static1.e621.net/data/9d/65/9d657c6cc523c63cedc2b426f1ad47a3.jpg
kindred_(lol),https://static1.e621.net/data/33/c4/33c4548770c469a1edaa54dc95007434.png
wonderbolts_(mlp),https://static1.e621.net/data/2e/c6/2ec6ce5d3a02a9db25d5a5092f0ecce0.png
apple_bloom_(mlp),https://static1.e621.net/data/ab/b5/abb5c06e5675d2ce110409a12229f8c1.jpg
alphys,https://static1.e621.net/data/5e/70/5e70e5272c9aeb2247dc33b281796bf4.png
lamb_(lol),https://static1.e621.net/data/33/c4/33c4548770c469a1edaa54dc95007434.png
asriel_dreemurr,https://static1.e621.net/data/6a/61/6a61c8c84497f1e44aaa6c542cd8ac6a.png
asgore_dreemurr,https://static1.e621.net/data/01/b8/01b8b49c5cfe63f09f4fcccd245fc92d.png
vinyl_scratch_(mlp),https://static1.e621.net/data/10/3a/103ad95df87de5b57ae71164a31d23bd.png
moxxie_(helluva_boss),https://static1.e621.net/data/44/f5/44f5aaf28fa2a5a1515be7b8b2c937e7.png
bonnie_(fnaf),https://static1.e621.net/data/f9/dc/f9dc66c33969c2dfa8129218603bf400.jpg
noelle_holiday,https://static1.e621.net/data/dd/01/dd01cc95788b5d5601cb52d2e744919f.png
freddy_(fnaf),https://static1.e621.net/data/32/c2/32c2892c1bc61cde47057174a7aa29e5.jpg
starlight_glimmer_(mlp),https://static1.e621.net/data/ef/ad/efad134998f73341e5b86c27e9062277.png
villager_(animal_crossing),https://static1.e621.net/data/b6/cd/b6cd496c07843c03162c9d75d30e2977.png
discord_(mlp),https://static1.e621.net/data/03/24/0324832a4093c764c2679535c7cd3c2f.jpg
sans_(undertale),https://static1.e621.net/data/d1/a4/d1a4f797047fbf969bb4dcc5387c6b83.jpg
knuckles_the_echidna,https://static1.e621.net/data/6b/cf/6bcf55d4c338d188b099d39daed2e717.png
octavia_(mlp),https://static1.e621.net/data/b7/0e/b70e9131d63b7dd38fdf268fd0b8f73a.jpg
millie_(helluva_boss),https://static1.e621.net/data/a5/3f/a53f20df8b35c910104f3354dd136cc4.png
stolas_(helluva_boss),https://static1.e621.net/data/b7/02/b7027643792134dc89bbc48969e85285.png
princess_zelda,https://static1.e621.net/data/59/12/5912cde6c6029109201ef2787571b9db.png
asriel_dreemurr_(god_form),https://static1.e621.net/data/25/79/257944b1681f928453c2aed2262c56ab.png
meow_skulls,https://static1.e621.net/data/94/3e/943e333f62802a34f100f4a32a0df4ea.jpg
rocket_raccoon,https://static1.e621.net/data/eb/6e/eb6ef43e16f6a095609d13eb64e20575.png
mae_borowski,https://static1.e621.net/data/fc/c0/fcc0254f15efde2859bb153cb76a554c.png
fang_(gvh),https://static1.e621.net/data/99/1c/991c8e6b1f6fb0be23706ba969cae174.jpg
master_tigress,https://static1.e621.net/data/a2/fb/a2fb921777984c21f0f3092c18e6e986.png
lamb_(cult_of_the_lamb),https://static1.e621.net/data/76/9c/769ccb46d99d28d9ad721a69ca60f4ac.png
nightmare_moon_(mlp),https://static1.e621.net/data/b4/2b/b42b852417a0c7ea4ec33f2acf523593.png
princess_peach,https://static1.e621.net/data/09/43/09433f913af716d26013e4ed88c0a42c.jpg
mr._wolf_(the_bad_guys),https://static1.e621.net/data/cd/e6/cde65061673686d4d1d19da8996358a7.png
rivet_(ratchet_and_clank),https://static1.e621.net/data/79/24/79244473fd062f9d595074184c372340.png
lyra_heartstrings_(mlp),https://static1.e621.net/data/91/35/9135ee3fd04e73885b5301903cbc13ed.jpg
chica_(fnaf),https://static1.e621.net/data/50/13/5013eda44db2b4b7b6c29efc662ca72d.jpg
mangle_(fnaf),https://static1.e621.net/data/fb/01/fb0196808b30b138aea16de08ac3ca82.png
michiru_kagemori,https://static1.e621.net/data/a5/b8/a5b888a8b5dfaf28825c9e6a1ae49ff8.png
toy_bonnie_(fnaf),https://static1.e621.net/data/9e/a7/9ea77cfd0e55623053227f3395c14a52.png
tom_nook_(animal_crossing),https://static1.e621.net/data/9c/ee/9ceee2293803a10c08ec1d53a37930b6.png
anubis,https://static1.e621.net/data/5e/bd/5ebd15621700ff6369f0d372003e066f.jpg
mario,https://static1.e621.net/data/03/3f/033f41d3cad7800941dc592025edae57.png
carmelita_fox,https://static1.e621.net/data/5b/2f/5b2faf209e3feb4a7c8a674f171570f9.jpg
muffet,https://static1.e621.net/data/72/eb/72eb6b4744781fc22236a3dfd5ac023c.jpg
background_character,https://static1.e621.net/data/55/45/5545f0e61f85096f2567118522198d10.jpg
ratchet_(ratchet_and_clank),https://static1.e621.net/data/6e/ce/6ece13be366a5837ac3abc984c77e08a.png
juno_(beastars),https://static1.e621.net/data/71/cb/71cb452601e8b6913fce07c31d34cfcf.png
maid_marian,https://static1.e621.net/data/72/20/7220d69db79c592361cdf71082d7613b.jpg
temmie_(undertale),https://static1.e621.net/data/2e/87/2e87c02d6f762cf0e2d859bba3c547fa.jpg
poppy_(lol),https://static1.e621.net/data/ab/a7/aba7122cba17faac1d83101be616c9c1.jpg
anon_(snoot_game),https://static1.e621.net/data/24/eb/24eb7a72d6e5804e274c39326a327a00.png
blitzo_(helluva_boss),https://static1.e621.net/data/0b/e6/0be605e4cc5e480a87ebee6916b9cc20.jpg
simba_(the_lion_king),https://static1.e621.net/data/22/9a/229a56d5420a8a89be8b312ee4f8b798.png
katia_managan,https://static1.e621.net/data/07/25/07251740291c103491de4c37c7a282ed.jpg
haida_(aggretsuko),https://static1.e621.net/data/4f/5c/4f5c6621c2a81af905d0c515f4ebf083.png
kirby,https://static1.e621.net/data/d7/7b/d77b8a813061a6f9ab31a65b47149236.png
nala_(the_lion_king),https://static1.e621.net/data/05/a0/05a08242f8c6af4855ef94d147aea9e6.png
gadget_hackwrench,https://static1.e621.net/data/ef/1e/ef1ea6f70c2b47ac2a9f03c86624bb77.jpg
gumball_watterson,https://static1.e621.net/data/27/a7/27a73e79b4b8708f57fd7200c202a8f3.jpg
sunset_shimmer_(eg),https://static1.e621.net/data/c6/ca/c6ca489838527dca8ffa72209f339d5e.jpg
sheriff_mao_mao_mao,https://static1.e621.net/data/9b/42/9b42b3126848347f9b8ad9a342adac1b.png
cynder,https://static1.e621.net/data/2d/be/2dbec385000765d4b875617892f088dd.png
puss_in_boots_(dreamworks),https://static1.e621.net/data/bc/9b/bc9b1cdc456311739f7d1405a1b22365.png
king_sombra_(mlp),https://static1.e621.net/data/c6/86/c686dd465ae3ee20de1f628f70435bf2.png
kitty_katswell,https://static1.e621.net/data/0b/af/0baf72e4be151e0e4969f272ee7bf92a.jpg
spitfire_(mlp),https://static1.e621.net/data/ef/ad/efad134998f73341e5b86c27e9062277.png
pinkamena_(mlp),https://static1.e621.net/data/23/9d/239df05898589da74494b29f057d0435.png
koopaling,https://static1.e621.net/data/37/44/3744c91de590999fc758c94d5ee29f4f.jpg
shantae,https://static1.e621.net/data/09/bf/09bf008bf1c8b4cf67a2b9025a9b7dd2.jpg
louis_(beastars),https://static1.e621.net/data/c1/f0/c1f0569cd7486412233abc7aeb796cab.png
gilda_(mlp),https://static1.e621.net/data/38/c1/38c182dd1d7341c76c388e5a88a579bf.png
frisk_(undertale),https://static1.e621.net/data/57/a4/57a48e63ea0f442c62554e1bb4152015.png
whisper_the_wolf,https://static1.e621.net/data/db/33/db333acd706cb46825f562c32a0c1771.png
retsuko,https://static1.e621.net/data/a2/50/a2507678a4ddce8b3f54e184f090ad5d.jpg
silver_the_hedgehog,https://static1.e621.net/data/8c/b7/8cb79cbafcfe3eceb243d86ccb246764.jpg
tristana_(lol),https://static1.e621.net/data/8f/ce/8fcef9a0e23d22f98943f2c19eb2790b.jpg
finnick_(zootopia),https://static1.e621.net/data/45/a9/45a9785d418c125c23d06ffc6d9c14c2.png
octavia_(helluva_boss),https://static1.e621.net/data/54/4c/544c0ddee94b8407d42894dd615d494a.png
fenneko,https://static1.e621.net/data/4f/5c/4f5c6621c2a81af905d0c515f4ebf083.png
bugs_bunny,https://static1.e621.net/data/ee/03/ee03c1c436f687d27410f19e76595ff7.png
glamrock_freddy,https://static1.e621.net/data/38/f4/38f411b209436bf151b951c198e7dd50.jpg
haru_(beastars),https://static1.e621.net/data/b1/50/b15000239c1f9f92e98c926f13db2261.png
stella_(helluva_boss),https://static1.e621.net/data/d2/ac/d2ac1ee4e44b2cf2fb72bd97eca322cf.jpg
surge_the_tenrec,https://static1.e621.net/data/4a/f5/4af507a9c559df18a864ae09b84ba1c4.jpg
crash_bandicoot,https://static1.e621.net/data/6e/ce/6ece13be366a5837ac3abc984c77e08a.png
the_knight_(hollow_knight),https://static1.e621.net/data/d9/b5/d9b506ad817d7c10701d4029b315767c.png
rumi_usagiyama,https://static1.e621.net/data/f6/af/f6af777a5470d90f15c42c881bd4ae81.jpg
godzilla,https://static1.e621.net/data/36/9c/369cb744fd86fba0e9e70d524045ebde.png
marina_(splatoon),https://static1.e621.net/data/1d/ee/1dee4c428780e18450852918729e9524.jpg
kass_(tloz),https://static1.e621.net/data/13/1e/131e9a7abdbd35316193f2caeac029fd.png
red_crown_(cult_of_the_lamb),https://static1.e621.net/data/76/9c/769ccb46d99d28d9ad721a69ca60f4ac.png
angel_dust,https://static1.e621.net/data/8d/fa/8dfa8d5456aab95cda71282ebd87e334.png
tawna_bandicoot,https://static1.e621.net/data/5b/2f/5b2faf209e3feb4a7c8a674f171570f9.jpg
bandit_heeler,https://static1.e621.net/data/0e/18/0e18245495c545bca732b1bfa7f3e837.png
raven_team_leader,https://static1.e621.net/data/45/35/4535c5491ec0fa713acaebafba3d2a1a.png
tasque_manager,https://static1.e621.net/data/51/28/5128b76c2f76c9e35552593354b442d0.jpg
samus_aran,https://static1.e621.net/data/d7/19/d719928f9997a54840fc9066e011bd49.jpg
zecora_(mlp),https://static1.e621.net/data/af/be/afbe0b7f64e1d982e1b584ac759b461f.jpg
ych_(character),https://static1.e621.net/data/d8/14/d814232ca04a642fd30e732b7f8e435d.png
felicia_(darkstalkers),https://static1.e621.net/data/ec/e4/ece4a8b82b093eec699ed3571edabd83.jpg
von_lycaon,https://static1.e621.net/data/5d/1a/5d1a31178b1eb13bad3687f020868a82.png
morgana_(persona),https://static1.e621.net/data/38/f4/38f45e1e85126f5c941ccb41c28a5092.png
princess_ember_(mlp),https://static1.e621.net/data/50/c3/50c38f292464a732808080780c9a10e5.png
springtrap_(fnaf),https://static1.e621.net/data/f6/14/f614116c04137389dd6c3c93067fae96.jpg
link_(wolf_form),https://static1.e621.net/data/b9/56/b9560cffc8f6bb7f0830d648eac5e6d2.png
soarin_(mlp),https://static1.e621.net/data/8a/49/8a495f3a49d8897be8aca5788350b81d.jpg
klonoa,https://static1.e621.net/data/d9/b5/d9b506ad817d7c10701d4029b315767c.png
sly_cooper,https://static1.e621.net/data/14/15/1415d90b23c73fc6fc94898373d0cdbf.png
beerus,https://static1.e621.net/data/21/05/21051b0b686b1f12e1e140e20763ef1f.png
venom_(marvel),https://static1.e621.net/data/78/21/7821831f0affae7d06888290cc6b6963.jpg
silver_soul,https://static1.e621.net/data/09/6b/096b7cc46525ddffa7c82346d32fe629.jpg
bea_santello,https://static1.e621.net/data/ea/87/ea872c175f892e37756ff67ef15696c7.png
papyrus_(undertale),https://static1.e621.net/data/8c/15/8c15291d1ce01f2968681197c2e9779a.jpg
glamrock_chica,https://static1.e621.net/data/2c/8b/2c8bcd210b143f933a2f0ab69c35ff34.jpg
raphael_(tmnt),https://static1.e621.net/data/d9/9e/d99e076ae21d417d1199d948b53a3358.png
blaidd_(elden_ring),https://static1.e621.net/data/01/86/01863f1c0ca714c07bb840b1039e43aa.png
toothless,https://static1.e621.net/data/d5/10/d510fb833a349e2e3d0c3c207c145c9b.png
jenny_wakeman,https://static1.e621.net/data/30/1d/301d9dc2ae9cbff86f7d8a2a2d8cf99f.jpg
protagonist_(tas),https://static1.e621.net/data/88/0a/880abf8bd5836abbd45bcbcca9f16998.jpg
puro_(changed),https://static1.e621.net/data/13/08/13080a70914bf0d126995f1b51317870.png
vex_(lol),https://static1.e621.net/data/ba/ec/baecabab78b2f50045ed4109856a7764.jpg
ben_bigger,https://static1.e621.net/data/30/ca/30ca442b005bd48bcc5a78c2466d3f2b.jpg
minerva_mink,https://static1.e621.net/data/28/f3/28f3000f5f1fa3ce7e407133cd595db3.png
maud_pie_(mlp),https://static1.e621.net/data/0c/6c/0c6cba2a2a0ccdbf3340bec215603002.jpg
sandy_cheeks,https://static1.e621.net/data/2a/dc/2adc1c4b579919885c0ae19669dd915f.png
tangle_the_lemur,https://static1.e621.net/data/d2/fe/d2fecf75ad51e13916853d434708f4bc.jpg
chief_bogo,https://static1.e621.net/data/26/51/2651e33a4ee0452bbebaa463d6851dfc.png
wave_the_swallow,https://static1.e621.net/data/08/39/08393a761f90dfce002c9b42cde30696.jpg
amaterasu_(okami),https://static1.e621.net/data/af/59/af5939c77effbfda8078901e6bcdcce1.png
sticks_the_jungle_badger,https://static1.e621.net/data/1f/38/1f3862ebcd7fbb778f808a3602f3424b.png
jack_(beastars),https://static1.e621.net/data/2d/23/2d2369472b4d53ae9714c9243048be01.png
freya_crescent,https://static1.e621.net/data/2f/76/2f760568ab38ab1af253181179cf1896.png
jax_(tadc),https://static1.e621.net/data/cd/3c/cd3c2b4a8145d5c5cbd0dc0f5d8f8c0c.jpg
warfare_krystal,https://static1.e621.net/data/2b/bc/2bbc6662a9a77bc0f9ba7ce4e8aea056.png
rigby_(regular_show),https://static1.e621.net/data/b3/7d/b37d1c51595f57c5fcfba058250fb34d.png
digby_(animal_crossing),https://static1.e621.net/data/04/2e/042e671786bdcc41dcbdf77bee731f41.jpg
montgomery_gator,https://static1.e621.net/data/a5/1f/a51fe59bb4d268e630f2d070e56a9f17.jpg
jack_savage,https://static1.e621.net/data/9e/d4/9ed4978c6a5645ab93539e26e6411aa0.jpg
catnap_(poppy_playtime),https://static1.e621.net/data/b2/3c/b23c6d6e24ef4f22cf7aa1a182f31f98.png
bunnie_rabbot,https://static1.e621.net/data/ce/e3/cee37d4dfbbb4e4a413a3f14183f5e64.png
leonardo_(tmnt),https://static1.e621.net/data/ec/c7/ecc79349e90a902638e453607f48e405.jpg
mordecai_(regular_show),https://static1.e621.net/data/b3/7d/b37d1c51595f57c5fcfba058250fb34d.png
fifi_la_fume,https://static1.e621.net/data/28/f3/28f3000f5f1fa3ce7e407133cd595db3.png
robin_hood,https://static1.e621.net/data/c6/f8/c6f8d194f4ed08feceeca6287c63aa5c.png
moritaka_(tas),https://static1.e621.net/data/1b/f4/1bf4be4744ff9a1aa14423e9bcc2d3af.jpg
ahri_(lol),https://static1.e621.net/data/65/f2/65f2efa8dc33d9d3439ecde9b9cb6d78.jpg
elora,https://static1.e621.net/data/9d/65/9d657c6cc523c63cedc2b426f1ad47a3.jpg
master_po_ping,https://static1.e621.net/data/42/62/4262d3259750595bb158c61f6d32ff67.png
peg_pete,https://static1.e621.net/data/24/d7/24d7db071a028bb38bf0c0d909580faa.jpg
royal_guard_(mlp),https://static1.e621.net/data/90/7f/907f693a488de93124a94b866ad32d84.png
bonbon_(mlp),https://static1.e621.net/data/a6/48/a64806884d2335dd4f34ee6530860d80.jpg
leib_(tas),https://static1.e621.net/data/1c/40/1c40ee2686fd90e5dcfd52f6189e2a25.jpg
banjo_(banjo-kazooie),https://static1.e621.net/data/b8/73/b8732b7aded2ea1fcc121ec7b9790bdb.png
meowscles,https://static1.e621.net/data/94/3e/943e333f62802a34f100f4a32a0df4ea.jpg
teemo_(lol),https://static1.e621.net/data/93/ab/93abdaaa352ab69a96b9a82515eeeb64.png
shirou_ogami,https://static1.e621.net/data/a5/b8/a5b888a8b5dfaf28825c9e6a1ae49ff8.png
pikachu_libre,https://static1.e621.net/data/f9/5f/f95f8caeedc79284bc626fb925d6a564.png
flutterbat_(mlp),https://static1.e621.net/data/48/5c/485c96d3ad9cea3d88c490632dc57e42.png
sasha_(animal_crossing),https://static1.e621.net/data/02/1f/021fa4acf3c22550f089cfc3125b4392.png
twilight_velvet_(mlp),https://static1.e621.net/data/c0/1b/c01b2664ff63c12c817fc7847caaf2fc.png
michelangelo_(tmnt),https://static1.e621.net/data/ce/f0/cef0e6757d783db137d5a2c5b8f7f7a8.jpg
marie_(splatoon),https://static1.e621.net/data/e4/a6/e4a6c9308a51899e85ac8d70bb2bbe4b.gif
cheerilee_(mlp),https://static1.e621.net/data/8f/20/8f2018234c29cec2b61ca3820db28449.png
tempest_shadow_(mlp),https://static1.e621.net/data/62/f6/62f61e3ff54e866c83673147c5909a7a.jpg
porsha_crystal,https://static1.e621.net/data/fd/c0/fdc0aaf083b3b846c967001b4fe65d2b.png
sybil_(pseudoregalia),https://static1.e621.net/data/d7/2b/d72b032fc76ca798719ddbc80b5bc180.jpg
badgerclops,https://static1.e621.net/data/c5/40/c5408ca8fb9318e7c54f4f99bb9aa8a2.png
mal0,https://static1.e621.net/data/26/95/269597c9edd9b6bafc513326e809a4f9.png
flick_(animal_crossing),https://static1.e621.net/data/4d/e9/4de96506fc5684549ff2898cd2ce995b.png
sable_able,https://static1.e621.net/data/dd/3f/dd3f8ccdde9b739fd2d8bdb06b19b559.jpg
lanolin_the_sheep_(sonic),https://static1.e621.net/data/80/c2/80c2b98ea8d58326df3745367e987af5.png
wolf_(lol),https://static1.e621.net/data/33/c4/33c4548770c469a1edaa54dc95007434.png
waaifu_(arknights),https://static1.e621.net/data/58/b6/58b6f7a1b62941d32a91eb45a98ac43e.png
audie_(animal_crossing),https://static1.e621.net/data/b6/cd/b6cd496c07843c03162c9d75d30e2977.png
callie_briggs,https://static1.e621.net/data/28/f3/28f3000f5f1fa3ce7e407133cd595db3.png
master_splinter,https://static1.e621.net/data/b5/96/b596cfa5bdd863f720ae95d7d4492628.jpg
donatello_(tmnt),https://static1.e621.net/data/4c/59/4c5998706ffb0e75c95d2aaa6fa8f749.png
cutie_mark_crusaders_(mlp),https://static1.e621.net/data/ab/b5/abb5c06e5675d2ce110409a12229f8c1.jpg
dogday_(poppy_playtime),https://static1.e621.net/data/b2/3c/b23c6d6e24ef4f22cf7aa1a182f31f98.png
gideon_grey,https://static1.e621.net/data/43/25/43254bcfbf1d243ca2ebfa31ea2c68a6.jpg
yasuyori_(tas),https://static1.e621.net/data/f2/38/f2388a59d91fd69646de362842e97352.jpg
chara_(undertale),https://static1.e621.net/data/b0/12/b012b5cb686af18c08a494d4f09fe3ca.png
skye_(zootopia),https://static1.e621.net/data/b2/db/b2db340b2e5a3782bdb2cbc86215bb97.png
neco-arc,https://static1.e621.net/data/c3/62/c362e5a34cdb000eed096f65370b5480.jpg
donkey_kong_(character),https://static1.e621.net/data/4a/d9/4ad9c8fc7b9f5e7eb92994c64d04ae95.png
naomi_(gvh),https://static1.e621.net/data/b9/a0/b9a0f09ad98a85785c7c47bc54988d13.jpg
lammy_lamb,https://static1.e621.net/data/6d/08/6d0813c90e9a1ccd90abd9d40523e9ad.png
braeburn_(mlp),https://static1.e621.net/data/be/54/be540586e9d766af77602f8aaa6b9d61.png
tikal_the_echidna,https://static1.e621.net/data/fe/42/fe42984694dbb35f6b9ebd8b296cdc15.png
trish_(gvh),https://static1.e621.net/data/f0/19/f019f28be2063612fe6de1d6e9ade564.png
pirate_tawna,https://static1.e621.net/data/5b/2f/5b2faf209e3feb4a7c8a674f171570f9.jpg
marble_pie_(mlp),https://static1.e621.net/data/0c/6c/0c6cba2a2a0ccdbf3340bec215603002.jpg
lord_dominator,https://static1.e621.net/data/2d/9b/2d9b8ffa8b1e062202c408b4f4beb08b.png
flowey_the_flower,https://static1.e621.net/data/0c/23/0c233302eb2b0673dcc846a1d4afe887.png
warwick_(lol),https://static1.e621.net/data/28/b9/28b92056c06824972b31e7219f6be5fc.png
sonic_the_werehog,https://static1.e621.net/data/3e/15/3e15fbc6123dc25e1d960318ba56c288.jpg
soraka,https://static1.e621.net/data/36/86/368667cb7d6fc492aa784c71cf4a11a8.jpg
angel_(lilo_and_stitch),https://static1.e621.net/data/1f/34/1f340fd2101b7dbd6cc2b41dc3db4820.png
claire_(the_summoning),https://static1.e621.net/data/37/00/3700e652e5d810e9969d2908d4c0b140.jpg
ori_(ori),https://static1.e621.net/data/f6/23/f6233a71919571380a293537a7f5c3e1.jpg
raymond_(animal_crossing),https://static1.e621.net/data/af/aa/afaac86914ac9815f6b3a2a7c7c39542.png
mane_six_(mlp),https://static1.e621.net/data/a9/ac/a9ac67d1796dc2df2c15fefdba11324e.jpg
olivia_halford,https://static1.e621.net/data/72/95/7295a087281ce451c88a90b9bff57543.jpg
kazooie,https://static1.e621.net/data/b8/73/b8732b7aded2ea1fcc121ec7b9790bdb.png
santa_claus,https://static1.e621.net/data/96/1a/961a14dce494fdeebb2d38ecc1919ac6.jpg
mokdai,https://static1.e621.net/data/91/24/912478e6e265b4632294ffc0256af253.jpg
fidget_(elysian_tail),https://static1.e621.net/data/da/32/da32539032592f34f88d9b2f2a5114a7.png
carrot_(one_piece),https://static1.e621.net/data/7b/23/7b23b533edb8fc3f0d51f351ab88b7fb.jpg
benjamin_clawhauser,https://static1.e621.net/data/b0/d2/b0d24de0849cbc6deeb1c1024a769916.jpg
flora_(twokinds),https://static1.e621.net/data/eb/f4/ebf4d0168746e3313994fdf7bdc00fc9.jpg
pearl_(splatoon),https://static1.e621.net/data/f2/da/f2da65105d90e3c3048db12f943d4f31.png
rambley_raccoon,https://static1.e621.net/data/b8/c8/b8c81b1bb33c4715dbc1ab3354da0373.png
wendy_o._koopa,https://static1.e621.net/data/53/4e/534e95cb65aba3d89d4be54d4ee643ba.png
cream_heart,https://static1.e621.net/data/13/6d/136ded15e2d7f8a794520c1b7f053ed4.png
izzy_moonbow_(mlp),https://static1.e621.net/data/39/12/39127a503a75391b17b118448944fc88.png
catty_(undertale),https://static1.e621.net/data/29/56/29565e3c8c56a8fe8346bb9eab078fc7.png
max_goof,https://static1.e621.net/data/b2/f4/b2f4fe825fe3d075f5957bd82e0df638.png
warfare_goat,https://static1.e621.net/data/4c/7d/4c7dfc1663ddbbc1373d6bc2bb58ddde.png
max_(sam_and_max),https://static1.e621.net/data/2d/40/2d40335205705befb0c1c5af5a6a8920.png
vortex_(helluva_boss),https://static1.e621.net/data/14/80/14802875e9edb383f8f1d0311f6b17b4.png
callie_(splatoon),https://static1.e621.net/data/13/f9/13f9c0bc6f6e3c57f7e1453b34406418.jpg
marshal_(animal_crossing),https://static1.e621.net/data/b6/cd/b6cd496c07843c03162c9d75d30e2977.png
queen_bee-lzebub_(helluva_boss),https://static1.e621.net/data/7c/77/7c77a1d18493d3012464d8ee25be69b4.png
jenna_(balto),https://static1.e621.net/data/b3/d0/b3d0f3031dae15dec9f086f006a7c0f2.jpg
minnie_mouse,https://static1.e621.net/data/e1/25/e1259276e4705d6fcfbd57e63312d299.png
gummigoo_(tadc),https://static1.e621.net/data/1a/4f/1a4fae9d02d5326b17bed9b4a1fcaf41.jpg
wendell_(fortnite),https://static1.e621.net/data/d3/67/d367f1e1dd99333f43e0eb3e9e60333b.png
smolder_(mlp),https://static1.e621.net/data/3c/1d/3c1d9f71f0e54f378f6a9882ffaa9cec.jpg
gazelle_(zootopia),https://static1.e621.net/data/90/d4/90d446aeef31836e05a40b6a7f3714ba.png
taokaka,https://static1.e621.net/data/ec/e4/ece4a8b82b093eec699ed3571edabd83.jpg
luigi,https://static1.e621.net/data/65/59/655961040800cbf5ba35959b948f5249.png
wolf_(petruz),https://static1.e621.net/data/69/e5/69e566627daf29c59a7c73cab9c941de.png
yuumi_(lol),https://static1.e621.net/data/59/16/59165fdd397d3bda5ead063b7981f0d6.png
pomni_(tadc),https://static1.e621.net/data/9d/4e/9d4eecea9f07534b2ab8c5e2b28b5e08.png
li_li_stormstout,https://static1.e621.net/data/a8/6a/a86a34cd20231cc210562511ae986adf.png
cherry_(animal_crossing),https://static1.e621.net/data/bb/72/bb7224e85b9ff0ef1772398269da99ae.png
toy_freddy_(fnaf),https://static1.e621.net/data/73/6b/736bc7c485cfad3a90e8deed8a649bb3.jpg
gyro_feather,https://static1.e621.net/data/18/19/181938b5789329ed3357b89417ee472b.png
funtime_foxy_(fnaf),https://static1.e621.net/data/28/de/28de0ce7d800a53df02f1cb69886df13.png
sunburst_(mlp),https://static1.e621.net/data/ab/1b/ab1bebe79934b267fbad154784035be1.png
coco_pommel_(mlp),https://static1.e621.net/data/be/dd/bedd795bbb209527a282451906979305.png
horkeu_kamui_(tas),https://static1.e621.net/data/8c/c5/8cc5d507bc20c7d16713f093e2e216a8.jpg
apogee_(tinygaypirate),https://static1.e621.net/data/2d/2a/2d2a8452db667795cc1f7e40e593d61d.png
gnar_(lol),https://static1.e621.net/data/85/68/8568315883ccc36bdea72b17855fb9c8.png
stella_(gvh_beta),https://static1.e621.net/data/9f/61/9f6121cefb11f1ae641bf659f192af11.png
nicole_the_lynx,https://static1.e621.net/data/69/19/6919bd8d7f13138aff19ef366a84ef36.png
scar_(the_lion_king),https://static1.e621.net/data/c4/58/c4584f78811553f94ca0dc4123177a9f.jpg
cosplay_pikachu_(character),https://static1.e621.net/data/f9/5f/f95f8caeedc79284bc626fb925d6a564.png
oscar_(fortnite),https://static1.e621.net/data/fc/51/fc5102eedce0283116c8c32457e95a74.jpg
big_the_cat,https://static1.e621.net/data/0f/62/0f62334d817f452db53d23e61a275e56.jpg
fennix_(fortnite),https://static1.e621.net/data/88/8f/888f724baf82aa3e808baef7b7c195b6.png
revali,https://static1.e621.net/data/0d/1c/0d1c4814a37ac2a0b049c6b4e77a7c94.png
button_mash_(mlp),https://static1.e621.net/data/13/6d/136ded15e2d7f8a794520c1b7f053ed4.png
polar_patroller,https://static1.e621.net/data/fc/51/fc5102eedce0283116c8c32457e95a74.jpg
bowser_jr.,https://static1.e621.net/data/a0/da/a0da7599595361f409a7dfe189415c1c.png
ilulu,https://static1.e621.net/data/ef/74/ef741d844c727dfec8127d4cb76e87b3.jpg
mickey_mouse,https://static1.e621.net/data/33/72/3372878a56cea80c59dabc086593e713.png
keith_keiser,https://static1.e621.net/data/02/ed/02ed88bafe309d1f3c0721f69652410c.png
gallus_(mlp),https://static1.e621.net/data/fe/1b/fe1ba287951b87ea9544a6534d63521b.png
kathrin_vaughan,https://static1.e621.net/data/81/92/81925320beb96d88feb41ad3cda5f746.png
kuruk_(character),https://static1.e621.net/data/e5/34/e534b711edc5289c11ee925eade613ab.jpg
nasus_(lol),https://static1.e621.net/data/02/7b/027b47031859c0649dbf0aff118680e8.png
ran_yakumo,https://static1.e621.net/data/0f/3c/0f3c226665b2f2b3a897f40ef713c79c.jpg
anonymous_character,https://static1.e621.net/data/bf/38/bf38965bfec55e845aa801f02a2ff90e.png
gregg_lee,https://static1.e621.net/data/73/19/7319d7d199b86a9a852a27adb013f222.png
switch_dog,https://static1.e621.net/data/45/02/45022145cbfbd8e783ec93e3426e7cf7.jpg
diamond_tiara_(mlp),https://static1.e621.net/data/da/ee/daeeb1c3f4aa50ec9f5252e5748b8afc.png
vanny_(fnaf),https://static1.e621.net/data/0d/d2/0dd232ff49f2ef25830785623d7b7923.jpg
pipp_petals_(mlp),https://static1.e621.net/data/9b/bb/9bbbe15470b8745fd262939772406f43.png
natani,https://static1.e621.net/data/02/ed/02ed88bafe309d1f3c0721f69652410c.png
brian_griffin,https://static1.e621.net/data/aa/cb/aacb088d4ca6da93c694356631a9e86c.jpg
flurry_heart_(mlp),https://static1.e621.net/data/0c/1a/0c1a1174c0a1033fa228881e4687a90c.png
slippy_toad,https://static1.e621.net/data/05/e6/05e6527ccc304fc54ae79aa0dfb406d7.png
sisu_(ratld),https://static1.e621.net/data/8a/06/8a06adf5c95a21f1180b6beb6898e93a.jpg
torahiko_(morenatsu),https://static1.e621.net/data/79/22/79229c88c7efeef3ab38819013e34baf.png
rosa_(gvh),https://static1.e621.net/data/db/8d/db8df1cd58c5e9b538106441e3a9222b.png
sunny_starscout_(mlp),https://static1.e621.net/data/39/12/39127a503a75391b17b118448944fc88.png
brok_(brok_the_investigator),https://static1.e621.net/data/8f/37/8f3783df8005769c9209fefd863a54d2.jpg
tony_tony_chopper,https://static1.e621.net/data/bc/3c/bc3c6951b9d282c91aa339a8b91bb472.jpg
hatsune_miku,https://static1.e621.net/data/36/13/361359043bdd9d3517d5ec8f34ecdd89.jpg
lulu_(lol),https://static1.e621.net/data/af/08/af08c39d237ecc542bc20ac357985de1.jpg
dawn_bellwether,https://static1.e621.net/data/29/af/29af65e51b84c3a9db50f924bc7191fe.jpg
penny_fitzgerald,https://static1.e621.net/data/c5/21/c5217494e344018e38fe2a7ec7130a08.jpg
amicus_(adastra),https://static1.e621.net/data/9b/55/9b55003a70fee87df2fc8081a7d3727d.jpg
little_red_riding_hood,https://static1.e621.net/data/eb/26/eb2692d6a957213c6692c5f68d1db8b1.png
pirate_eagle,https://static1.e621.net/data/da/e9/dae9397b1762739e43cf2d5fc5e55c02.png
shibeta,https://static1.e621.net/data/3a/38/3a3857a46342b34682d088c8f3d4df31.jpg
juuichi_mikazuki,https://static1.e621.net/data/24/af/24af36957c6fa3dd774e245e67969e8a.jpg
unnamed_character,https://static1.e621.net/data/ce/6d/ce6db568dfdb1da55f3cd2de3b420b82.jpg
jon_talbain,https://static1.e621.net/data/67/d7/67d742bada02df59bc08432a92674aa8.png
krampus,https://static1.e621.net/data/c6/1f/c61f4ea6c4b50b93daee9df681b8f38b.png
ganglie_(tas),https://static1.e621.net/data/43/a4/43a476cbb575296ea50ec956c6e260ab.jpg
rudolph_the_red-nosed_reindeer,https://static1.e621.net/data/c6/1f/c61f4ea6c4b50b93daee9df681b8f38b.png
inkling_girl,https://static1.e621.net/data/9c/f4/9cf4ddd40647e337eec38e43e90ebf8d.png
rescued_dragons_(spyro),https://static1.e621.net/data/04/93/049382fd3933ef0ddbdf0c3e90160efc.png
bluey_heeler,https://static1.e621.net/data/2d/14/2d14ffbb75e069ea0be0df567ec3bf8b.jpg
momiji_inubashiri,https://static1.e621.net/data/0e/14/0e14fe6e10aa30b02e20f4f874d403fd.jpg
golden_freddy_(fnaf),https://static1.e621.net/data/1c/ff/1cffc046d65268dde758a6dde0df06f7.jpg
angel_(mlp),https://static1.e621.net/data/84/47/84479a4ee800b9b6214b33f8d395bd75.png
cu_sith_(tas),https://static1.e621.net/data/1c/40/1c40ee2686fd90e5dcfd52f6189e2a25.jpg
king_k._rool,https://static1.e621.net/data/4a/d9/4ad9c8fc7b9f5e7eb92994c64d04ae95.png
classic_chica_(fnaf),https://static1.e621.net/data/50/13/5013eda44db2b4b7b6c29efc662ca72d.jpg
lin_(changed),https://static1.e621.net/data/f3/65/f365fe8ec2b55a01f23725f6f43c8faa.png
dr._eggman,https://static1.e621.net/data/61/c4/61c4333f86bec5fe3f4eacee0fdd4a35.png
tadatomo_(tas),https://static1.e621.net/data/6e/3f/6e3f9141e069ec7f4986f6cecd3e8fa3.jpg
ashido_mina,https://static1.e621.net/data/6a/31/6a318911fb61958eb820c43694b71e87.png
fexa_(cryptiacurves),https://static1.e621.net/data/2f/2c/2f2c3290aa7703e8bf6afd8b56dce3a1.jpg
rebecca_cunningham,https://static1.e621.net/data/87/22/872252cfcd605d420be43c7deaf19b26.jpg
volos_(tas),https://static1.e621.net/data/96/6d/966d2d9557b8a310cc61e0061069b58a.jpg
reuben_(lilo_and_stitch),https://static1.e621.net/data/47/38/47381c4af4ae66fc2dc6af2b9c18fe60.jpg
lizard_(petruz),https://static1.e621.net/data/7f/bb/7fbb20acafa39d695fb72e6ae246ad02.png
brandy_harrington,https://static1.e621.net/data/ed/e4/ede4f43e997ad4ec67ee2b32c3675d09.png
rengar_(lol),https://static1.e621.net/data/c2/ec/c2ec508ce94885fb91d1774e9810d026.jpg
chilli_heeler,https://static1.e621.net/data/0e/18/0e18245495c545bca732b1bfa7f3e837.png
charlie_morningstar,https://static1.e621.net/data/73/04/73046a8bd469128b5f016ac2603a105f.jpg
gyobu_(tas),https://static1.e621.net/data/d2/ac/d2ac5f5d31d35f1fecd1016d140f767a.jpg
momo_(google),https://static1.e621.net/data/68/6b/686bd26b5781343a494ddd068e9e09b3.png
veigar,https://static1.e621.net/data/6c/b5/6cb512b723d34dbcf10abc91c6a57dec.jpg
baloo,https://static1.e621.net/data/62/13/62137dc0e285355a2df4bb90ba474266.png
silver_spoon_(mlp),https://static1.e621.net/data/32/b5/32b54c42bffda6025ab991574b8517f0.png
monster_kid,https://static1.e621.net/data/72/5b/725bccd785d7d091b3c881a60fdf8611.png
zig_zag,https://static1.e621.net/data/02/10/021091ff027ce5eeb21225ae5fb977cf.jpg
kyappy,https://static1.e621.net/data/3a/38/3a3857a46342b34682d088c8f3d4df31.jpg
seth_(tas),https://static1.e621.net/data/e2/66/e2663d5dad46260a581f76d780c2a243.png
babs_bunny,https://static1.e621.net/data/c5/47/c5471057ba3ab447948f5f0be589e2cd.png
officer_flint_(foresttherotten),https://static1.e621.net/data/68/4b/684b67b33947ba399646997e96152c37.jpg
spongebob_squarepants_(character),https://static1.e621.net/data/43/d5/43d52f5c9ff225a662af6ffcc36f479a.jpg
garfield_the_cat,https://static1.e621.net/data/72/91/7291f3c692788d873030e5ea957d8801.png
kiara_(the_lion_king),https://static1.e621.net/data/33/91/3391c495977c22218452357ee7f8269d.jpg
warfare_renamon,https://static1.e621.net/data/36/2e/362e0f0ef958223dfe9ea39baa06e408.jpg
narinder,https://static1.e621.net/data/b0/90/b090d5dd870651c167084896978b1adc.png
roxanne_rover,https://static1.e621.net/data/b2/e8/b2e85e3e8e588ca1f02a13ad004ba845.png
ridley,https://static1.e621.net/data/d6/98/d698bc8bf810d13bbbab2f7126fd8968.jpg
fizz_(lol),https://static1.e621.net/data/f0/89/f089ade1308215ebff29d84ded79e112.png
mettaton,https://static1.e621.net/data/c5/7b/c57b84b85b5fe3d0f840fd81f903cd5a.png
wile_e._coyote,https://static1.e621.net/data/98/45/984580b981e530e3f3766ed3cd8bd8c2.jpg
sash_lilac,https://static1.e621.net/data/6c/c4/6cc408814f8fbd1107594f93819ae86d.jpg
mrs._cake_(mlp),https://static1.e621.net/data/ec/2f/ec2fa4b324d07e746b29be45798af80d.png
kurama,https://static1.e621.net/data/a4/33/a4331f76fdb1876c2773c68cbde93c0a.png
ash_ketchum,https://static1.e621.net/data/94/b4/94b4f7b0e22df1ae423a9f740cb78978.jpg
verosika_mayday,https://static1.e621.net/data/b8/14/b8148864a987fbec987570fc48d8d571.png
reed_(gvh),https://static1.e621.net/data/c5/f1/c5f145bc923c47e786862dfd4ffb33bb.png
c.j._(animal_crossing),https://static1.e621.net/data/9b/b8/9bb8d141905cf8fe34825a58102fa9bb.png
balto,htanonymous
shenzi_(the_lion_king),https://static1.e621.net/data/74/82/74825be6a6de1c5cdada844f87b869db.png
samuel_dog,https://static1.e621.net/data/83/33/8333a611b9ad38c3784d6b892c716a4a.png
mina_mongoose,https://static1.e621.net/data/28/f3/28f3000f5f1fa3ce7e407133cd595db3.png
limestone_pie_(mlp),https://static1.e621.net/data/0c/6c/0c6cba2a2a0ccdbf3340bec215603002.jpg
frenni_(cryptiacurves),https://static1.e621.net/data/47/c1/47c1559dc98cd799ecbf6cc27e259cfb.jpg
twitch_(lol),https://static1.e621.net/data/fc/3a/fc3a6765e61a0d4b9135951b80c99886.jpg
jenny_(bucky_o'hare),https://static1.e621.net/data/5c/42/5c420a1492f68063dad9c6c2793ab115.png
scooby-doo,https://static1.e621.net/data/b4/7d/b47dbf8fb1313b358cab3718ac476941.png
vivian_(mario),https://static1.e621.net/data/ef/93/ef935835828621f047ae572e73447b53.jpg
aak_(arknights),https://static1.e621.net/data/ac/7d/ac7de1944c4af83c34bd490db8b91a1d.jpg
finn_the_human,https://static1.e621.net/data/65/f5/65f5490eabf96405c65cf6171e9a782a.jpg
tony_the_tiger,https://static1.e621.net/data/7f/61/7f6172f87df32545ec8c897eea9ca833.png
licho_(tas),https://static1.e621.net/data/aa/0a/aa0a391da62a2c86df0a0a531b47bd8f.jpg
pack_leader_highwire,https://static1.e621.net/data/3d/2c/3d2cb8ed45f72b46840cdba921c8faa4.png
renekton,https://static1.e621.net/data/02/7b/027b47031859c0649dbf0aff118680e8.png
richard_watterson,https://static1.e621.net/data/64/08/640863b0b0b26badead5249b799ea828.jpg
zipp_storm_(mlp),https://static1.e621.net/data/93/19/931963ca196bcc5dee4998d21b131782.png
vector_the_crocodile,https://static1.e621.net/data/6b/cf/6bcf55d4c338d188b099d39daed2e717.png
pulchra_fellini,https://static1.e621.net/data/5a/ee/5aee4108fa41cde9db366a5318f3c1ae.png
goon_(goonie_san),https://static1.e621.net/data/c7/4c/c74cd4021fb362203d58d8cdef270847.jpg
hilda_(pokemon),https://static1.e621.net/data/c4/cc/c4ccb37c5fcbdea43d4a3d4be1a9c5e2.png
barrel_(live_a_hero),https://static1.e621.net/data/de/67/de67a7916a49fd36964c4103bd9d2257.jpg
miyu_(star_fox),https://static1.e621.net/data/9f/0b/9f0b73e13ca1fffcf1d8c2504e3dd194.jpg
nazuna_hiwatashi,https://static1.e621.net/data/2c/9f/2c9f33c156247d9209641f291b15e536.png
warfare_flint,https://static1.e621.net/data/e1/43/e143cc1a6d3ae55fad4ca81a4d00ad7c.png
big_bad_wolf,https://static1.e621.net/data/eb/26/eb2692d6a957213c6692c5f68d1db8b1.png
may_(pokemon),https://static1.e621.net/data/ee/17/ee175e32c2523be8019754dd21ee3795.png
nika_sharkeh,https://static1.e621.net/data/c4/5a/c45ace2facad0863913c89c094714595.jpg
artica_sparkle,https://static1.e621.net/data/96/01/96017653f46753beedd9c4ad21a7e959.png
mia_moretti,https://static1.e621.net/data/cf/47/cf47daae37a205438d548c44fe932431.png
marceline_abadeer,https://static1.e621.net/data/68/32/683248407168cd948ca2e13fef2866fa.jpg
conker,https://static1.e621.net/data/c5/92/c592537081dbf454e416ea3a283714d2.png
princess_daisy,https://static1.e621.net/data/6f/0b/6f0b4e763cc528bd877d9eba5852f7e0.png
jake_long,https://static1.e621.net/data/83/30/8330c43941d42e6c4cc00081537866cd.png
ashigara_(tas),https://static1.e621.net/data/f2/38/f2388a59d91fd69646de362842e97352.jpg
brooklyn_(gargoyles),https://static1.e621.net/data/61/e8/61e8b258fae59d8efb5c477b674768b7.png
rauru_(tears_of_the_kingdom),https://static1.e621.net/data/ee/06/ee069d032383380fdfe77bdea37d30ff.png
cupcake_(fnaf),https://static1.e621.net/data/33/77/3377d61b8e70c7c4d7fd53661a1f9900.png
firecat,https://static1.e621.net/data/22/60/226034b3098a35affa11397da1010821.png
hung_(arknights),https://static1.e621.net/data/0b/9a/0b9af23cfe2cf18e15cc619c05e44cc3.png
morrigan_aensland,https://static1.e621.net/data/49/d1/49d137a4956f15dc9ce1b16883b433d9.png
babs_seed_(mlp),https://static1.e621.net/data/96/16/961621cfe29f5bcd6ca97d2c86c87850.png
alp_(tas),https://static1.e621.net/data/84/7f/847fcd6f0772acddd396bb5886f89b6e.jpg
thunderlane_(mlp),https://static1.e621.net/data/80/0d/800db38113699c8772976e8f12a8d7b3.png
rocko_rama,https://static1.e621.net/data/1c/7e/1c7ed742325f82ce3692e22c691ae368.jpg
mrs._katswell,https://static1.e621.net/data/86/79/8679935caad114039372521984301d20.png
goofy_(disney),https://static1.e621.net/data/e1/b7/e1b7116f6efb75bbae8d3f5288c222c7.jpg
yuki_(evov1),https://static1.e621.net/data/ae/10/ae108855326094b9eef90843acd68b69.jpg
volibear,https://static1.e621.net/data/63/3d/633d3ef91f26f1f003196089da320d8b.png
liara_t'soni,https://static1.e621.net/data/db/3a/db3ab1a899ede6004a8b6e62e1ab0626.png
peppy_hare,https://static1.e621.net/data/52/19/5219f7e62f6dfcc1bbc36efd33c22264.jpg
daybreaker_(mlp),https://static1.e621.net/data/ad/b1/adb115f292608cb6b24a4db420ead1bb.png
holo_(spice_and_wolf),https://static1.e621.net/data/25/bd/25bd523ef93a3b223defacd78055b4c0.png
dot_warner,https://static1.e621.net/data/21/59/2159e02b6a89c713dd9d0a5fc663ba3a.png
commander_shepard,https://static1.e621.net/data/61/6b/616bc1b4fd3948050c0e4b4b62595508.jpg
ashley_graham_(resident_evil),https://static1.e621.net/data/51/2b/512b91b2dbf54a7be8e9dac0653af1f5.png
jet_the_hawk,https://static1.e621.net/data/4c/29/4c29e5bcb1b009a974f985fadc0bfbab.png
kaa_(jungle_book),https://static1.e621.net/data/53/4c/534ce0502e6a6d5970fe7535410f3060.png
berdly,https://static1.e621.net/data/5e/70/5e70e5272c9aeb2247dc33b281796bf4.png
nifram_logan,https://static1.e621.net/data/e3/14/e314d6f41217229701295d2b534547bf.jpg
crewmate_(among_us),https://static1.e621.net/data/90/16/901652cee7817352bc658fe701523196.jpg
lolbit_(fnaf),https://static1.e621.net/data/f6/b0/f6b0a912fe4d204ed38ff1364b1d80f2.png
kovu_(the_lion_king),https://static1.e621.net/data/d3/c5/d3c505edf76614b81580048643ddaad0.jpg
king_dedede,https://static1.e621.net/data/89/35/8935c774e7a02392d1803fc9b944351b.png
daring_do_(mlp),https://static1.e621.net/data/18/e8/18e8d8db197ff9fb61710039c71a629c.jpg
trace_legacy,https://static1.e621.net/data/15/71/1571a5a2143b38ac1d08787ca4791548.jpg
firondraak,https://static1.e621.net/data/f9/6c/f96c5405e007bdbf9324d755c411492c.jpg
night_light_(mlp),https://static1.e621.net/data/03/5a/035af79998a5c71d239533604b6837a0.jpg
daffy_duck,https://static1.e621.net/data/2f/ae/2fae3800c1cc926ad9ffbac76b63c885.jpg
sarabi_(the_lion_king),https://static1.e621.net/data/22/9a/229a56d5420a8a89be8b312ee4f8b798.png
hitch_trailblazer_(mlp),https://static1.e621.net/data/e0/0c/e00c2856d117767837beb44444949cbe.jpg
fiona_fox,https://static1.e621.net/data/c9/2e/c92eee93d098708aa1ce44356238c1b5.jpg
unikitty,https://static1.e621.net/data/ee/0f/ee0fc94870998c3be4927aa9919f5a07.jpg
mufasa,https://static1.e621.net/data/f8/79/f879cf73c4b11adf0775796f35cf5e93.png
lilo_pelekai,https://static1.e621.net/data/e9/24/e92425a4ddd35f363ba62a1046f0e043.png
dawn_(pokemon),https://static1.e621.net/data/a5/26/a5268bef1c455fa41ff0221bb28f4ca0.jpg
prince_sidon,https://static1.e621.net/data/03/f5/03f5e933f1b0780d693e93d345ba4a4f.jpg
pepe_le_pew,https://static1.e621.net/data/f7/24/f724cd2e5a2b380283e45742778750cd.png
chance_furlong,https://static1.e621.net/data/eb/9e/eb9e3734a1e4aef48cb5f5e8bec96331.jpg
mad_rat_(mad_rat_dead),https://static1.e621.net/data/00/6d/006dc3441ce6d93939981b075b4898f7.jpg
master_viper,https://static1.e621.net/data/a2/fb/a2fb921777984c21f0f3092c18e6e986.png
donald_duck,https://static1.e621.net/data/43/cb/43cbbc4817c01b39df69cb150acc9d21.png
nameless_character,https://static1.e621.net/data/58/24/58242f3c8ae11e99832eb163918729ae.jpg
bonfie_(cryptiacurves),https://static1.e621.net/data/47/c1/47c1559dc98cd799ecbf6cc27e259cfb.jpg
ganondorf,https://static1.e621.net/data/31/1c/311ca3de6dacee014d866b1e405639da.png
red_xiii,https://static1.e621.net/data/ae/ac/aeac3479bdce1085342b204bf67af85d.png
venus_spring,https://static1.e621.net/data/5f/14/5f1488b375da663156390db5001f9a7d.png
champa,https://static1.e621.net/data/58/73/58734c7444cbc0a1c11a6cb2d804c83b.jpg
fenavi_montaro,https://static1.e621.net/data/7e/61/7e6189229d8fee42e0f0c0ad2acc545b.png
tsunoda_(aggretsuko),https://static1.e621.net/data/f5/ec/f5ec8d2b770c7e726e8b1e70f2efd3a7.jpg
mr._snake_(the_bad_guys),https://static1.e621.net/data/8d/5d/8d5d455c5aece834a6043c9ace34df56.jpg
raven_(dc),https://static1.e621.net/data/cd/9a/cd9a7b1cc9a23b147f0a3fa8a0205e26.png
nurse_redheart_(mlp),https://static1.e621.net/data/22/88/2288ec9ea171627fec668b7341a3faa3.png
belladonna_(trials_of_mana),https://static1.e621.net/data/07/c3/07c31f0b71cbc575f0ba244e75df9c95.png
sherri_mayim,https://static1.e621.net/data/3d/e9/3de91bcf2758ad409955471ab277851c.jpg
frieren,https://static1.e621.net/data/ff/e4/ffe4e7b71cb945d96cb8c1e896dac3b2.png
busty_bird,https://static1.e621.net/data/cb/7a/cb7ad9c3394b5ec54590cd06e4f142ef.jpg
ryekie_(live_a_hero),https://static1.e621.net/data/d6/fc/d6fcdefedb29bc8956ecc445858584d5.jpg
xero_(captainscales),https://static1.e621.net/data/f2/86/f286638e7b1eb2a12db9baf0cb2d2763.png
autumn_blaze_(mlp),https://static1.e621.net/data/41/cb/41cba28f69030212e0d2b4a1a2e0892c.png
teba_(tloz),https://static1.e621.net/data/25/45/254593037af99a30a6358c7b7a783504.png
doctor_whooves_(mlp),https://static1.e621.net/data/57/c7/57c7a5e04d952d4d7a0810a05ce48814.jpg
hello_kitty_(character),https://static1.e621.net/data/7a/a4/7aa4bfaab0065d3b7afc5b48100ae58e.png
kuromi,https://static1.e621.net/data/93/52/93520e72f6a676af887b531152814df8.jpg
garrus_vakarian,https://static1.e621.net/data/9e/3c/9e3c1f66fa7de0cba6225f5116fe6862.jpg
squirrel_girl_(marvel),https://static1.e621.net/data/0a/ea/0aea6eb6a0c23ae2ff3a80a194c51694.png
classic_sonic,https://static1.e621.net/data/79/30/79303cec35dbe9948b522aefdd3c5538.png
suki_lane,https://static1.e621.net/data/0f/fc/0ffcbb2096e1e76b869b63694548f48e.jpg
teryx_commodore,https://static1.e621.net/data/25/ec/25ecaad634e7a95261db89ad65dd2d80.jpg
neptune_mereaux,https://static1.e621.net/data/d5/d2/d5d2a80b221db49508dc8992cf18775c.png
tsukino_(monster_hunter_stories),https://static1.e621.net/data/4a/78/4a780b75f0b045cd635ab9302ee9b0c8.png
jean_(minecraft),https://static1.e621.net/data/5c/e9/5ce99ee835cf4edbe063a837464ebfe1.png
sue_sakamoto,https://static1.e621.net/data/10/5d/105d6ef98954fce96776aa9e3b9519d4.png
skyrim_werewolf,https://static1.e621.net/data/7d/42/7d423bbfabec637180b3ae369c0e622d.png
teemo_the_yiffer,https://static1.e621.net/data/d3/e8/d3e80bea4a372a9a793c3a982c40d15b.png
nightmare_rarity_(idw),https://static1.e621.net/data/07/1a/071a87202d35010126204996c7873d95.png
blue_(jurassic_world),https://static1.e621.net/data/2a/a6/2aa6b63fd23e830310eb857bdaa681dc.jpg
azzilan,https://static1.e621.net/data/76/ed/76ed6c79c7d9bcda1aeadae7ead275b0.png
honey_the_cat,https://static1.e621.net/data/6f/d2/6fd2511a6b55a238a7c57e42229929fa.png
dolly_(101_dalmatians),https://static1.e621.net/data/9b/e9/9be9493a1fc9c55dcc9e1df6746c8b56.png
kion_(the_lion_guard),https://static1.e621.net/data/74/1c/741c802e1eafed5b430c2b798e43b2f4.jpg
clawroline,https://static1.e621.net/data/ed/f6/edf60a767fcd10cce4ba911fa30e9196.jpg
gantu,https://static1.e621.net/data/15/40/154075db7c1fd670ce67a95f60329bb9.jpg
circe_(pankallisti),https://static1.e621.net/data/86/7f/867fa08c16bf61ee6fb8fd06953e1d33.png
tweetfur,https://static1.e621.net/data/70/c3/70c3712b2cc909214e7a7ba75e052d8b.png
sponty,https://static1.e621.net/data/02/bc/02bc78cf47bb22679d78bbbb266cf459.png
lotus_(mlp),https://static1.e621.net/data/5b/2b/5b2b6a9b00cd2c3d155ac9e135ca1993.png
ms._harshwhinny_(mlp),https://static1.e621.net/data/8f/20/8f2018234c29cec2b61ca3820db28449.png
rory_(ceehaz),https://static1.e621.net/data/62/bc/62bc659d02867b8fa75404c7004e8916.png
aloe_(mlp),https://static1.e621.net/data/5b/2b/5b2b6a9b00cd2c3d155ac9e135ca1993.png
angus_delaney,https://static1.e621.net/data/b1/f8/b1f862d0e1de7f28c2c4a604d02f5407.png
aeris_(vg_cats),https://static1.e621.net/data/e1/89/e189c6b199da020e3ee99296c72259c2.png
rover_(animal_crossing),https://static1.e621.net/data/0a/0d/0a0dae0fe127d149fbae1ea7ce6da9dc.png
ippan_josei,https://static1.e621.net/data/1a/2a/1a2a34d4b94f9aec5debce4b04194650.jpg
nightshade_(kadath),https://static1.e621.net/data/9c/46/9c46cd85d7a0cb1c2b829b92fbd071db.jpg
silly_cat_(mauzymice),https://static1.e621.net/data/7e/e8/7ee83d458b6057b7330565f4f272f910.png
fleur_de_lis_(mlp),https://static1.e621.net/data/a7/15/a7153617e1aa45ccbfe997743e72130f.png
cream_the_rabbit,https://static1.e621.net/data/9c/f1/9cf1a52669655f7a57b3148b7b6807fa.png
meow_(space_dandy),https://static1.e621.net/data/7a/09/7a094f58b2c63c81d7cd5b46024f37c4.png
bathym_(tas),https://static1.e621.net/data/1a/c5/1ac59368b28597eeb0f6b6a6185a2278.jpg
marionette_(fnaf),https://static1.e621.net/data/d9/dd/d9dd78d0a35bf70ead0e2db8099a2af0.png
infinite_(sonic),https://static1.e621.net/data/d5/ff/d5ff56ed43ba9008e43b1f580f912baf.png
hekapoo,https://static1.e621.net/data/9b/83/9b8377c58f48e51ec72b6b0789e46f7f.png
broodal,https://static1.e621.net/data/da/95/da95761381ea0ba256d096ee398af0d8.jpg
kanga,https://static1.e621.net/data/84/a8/84a82793a8e2cdd92f3475cdc44a3ec4.jpg
misty_(pokemon),https://static1.e621.net/data/63/50/6350e00e4e331cf49f9239729facce0f.png
a-chan,https://static1.e621.net/data/f4/60/f46000994ca0182be51c53cc78db410f.jpg
yorha_2b,https://static1.e621.net/data/be/bb/bebbcc29df401ce012a3f630ca0a8577.png
gwen_martin,https://static1.e621.net/data/58/ec/58ec1dd3df0a6b5a4cf4937d665788bb.png
moondancer_(mlp),https://static1.e621.net/data/f7/f2/f7f2cf12f6a7cbdf0cc0e3955847dfde.jpg
bolt_(bolt),https://static1.e621.net/data/f4/f2/f4f2a5ff9fad3defd716c448a7deb497.png
baphomet_(deity),https://static1.e621.net/data/4d/7c/4d7c557c47dd33db97805a09a9efe61f.jpg
kouya_(morenatsu),https://static1.e621.net/data/c7/51/c7519852bcfb9557891c11206ca29ed9.jpg
casimira_(orannis0),https://static1.e621.net/data/76/47/764742a4262cbe3ae479bffa93ed972d.jpg
carol_tea,https://static1.e621.net/data/c5/87/c5872efc866d762d2c6155ae3336d19a.png
survivor_(rain_world),https://static1.e621.net/data/cd/0a/cd0a1213fdb5e4cfa30614d053a38ffe.png
captain_amelia,https://static1.e621.net/data/43/54/4354820e3bf45ddb1a61846322085370.jpg
classic_amy_rose,https://static1.e621.net/data/95/48/9548fc9252d1f55179c967415bfbb5c4.png
dire_(fortnite),https://static1.e621.net/data/73/83/73833859b829ec81b5733d67922be562.png
darwin_watterson,https://static1.e621.net/data/64/08/640863b0b0b26badead5249b799ea828.jpg
alex_marx,https://static1.e621.net/data/10/0b/100bce4741dd297fd34dc0a68d62fe41.png
vanilla_the_rabbit,https://static1.e621.net/data/9c/f1/9cf1a52669655f7a57b3148b7b6807fa.png
raine_silverlock,https://static1.e621.net/data/24/3b/243be931cb3a5a8f6b5f5b71517737ce.png
nadia_fortune,https://static1.e621.net/data/ec/e4/ece4a8b82b093eec699ed3571edabd83.jpg
tali'zorah,https://static1.e621.net/data/82/2e/822ea2bee4584610fa9a9c2fa18a1494.jpg
tulin_(tloz),https://static1.e621.net/data/25/45/254593037af99a30a6358c7b7a783504.png
jessica_rabbit,https://static1.e621.net/data/0c/42/0c4287a9ac7f1f22298995f47303f732.jpg
the_deadly_six,https://static1.e621.net/data/88/2b/882b47656339dab534834d7193481772.png
polly_esther,https://static1.e621.net/data/24/84/2484f996ce9fe53501e0cacf8ddd1d59.png
bill_(beastars),https://static1.e621.net/data/87/27/87272cdd4324dd77a0bc917025f0193f.png
marci_hetson,https://static1.e621.net/data/67/00/6700ead5ee365d5cb2e9be06faf3c51f.jpg
gouhin_(beastars),https://static1.e621.net/data/0b/73/0b73dd84af16a71d69b11b09f1a79054.jpg
steele_(balto),https://static1.e621.net/data/6a/70/6a70290aafc3bc98af5df16b37f2a578.png
olivia_(animal_crossing),https://static1.e621.net/data/6e/bc/6ebc11d2f39390caf2efffd7a859ba91.png
mayor_mare_(mlp),https://static1.e621.net/data/51/39/51399fdbfd0766fef65f3757e586a2f1.jpg
rosalina_(mario),https://static1.e621.net/data/8b/5e/8b5ec80870d512ccf52039733b5d4e67.png
hex_maniac,https://static1.e621.net/data/09/8f/098fbb6f062728e9555d84d09bdb2458.jpg
moushley,https://static1.e621.net/data/51/2b/512b91b2dbf54a7be8e9dac0653af1f5.png
sledge_revorse,https://static1.e621.net/data/23/a4/23a4edf73eea1d79a2fd38aba9e6eb8d.png
lovetaste_chica,https://static1.e621.net/data/5a/bd/5abded656dc8bf5c603642ea454223a6.jpg
ivy_(deadlock),https://static1.e621.net/data/da/9a/da9a5b0e906d36857e10fc1aef55afd2.png
thomas_cat,https://static1.e621.net/data/98/20/982079483370a86b97ec98cae640a1c9.png
velvet_reindeer_(tfh),https://static1.e621.net/data/51/b2/51b2478218339d76fa12877291596940.png
bob_(animal_crossing),https://static1.e621.net/data/79/ee/79ee697523c96f8bba3463d900bb48c9.jpg
bambi,https://static1.e621.net/data/5f/d1/5fd169cba5f3ef9108ad7e21f2658dcb.png
jerry_mouse,https://static1.e621.net/data/98/20/982079483370a86b97ec98cae640a1c9.png
inco_(iwhtg),https://static1.e621.net/data/16/b4/16b4ec959cb8c77be2a533480d717acd.png
adorabat,https://static1.e621.net/data/5d/a5/5da526528c35e01c90e22c138030e1d2.jpg
nanachi,https://static1.e621.net/data/3a/48/3a4870e3d7c0e180c5bb06c0c77da00b.png
rumble_(mlp),https://static1.e621.net/data/1b/bd/1bbd6ab417da718e1388eb9986ee4d28.jpg
cate_meowdy,https://static1.e621.net/data/9e/74/9e74fee8341ad63db612b27d4b9da1e7.jpg
alastor_(hazbin_hotel),https://static1.e621.net/data/31/b9/31b97ce1bc7b5b9b69715d25d59ebf71.jpg
husk_(hazbin_hotel),https://static1.e621.net/data/9d/7d/9d7de024e02c8f509d1e3bb9a163dc55.jpg
vitani_(the_lion_king),https://static1.e621.net/data/33/91/3391c495977c22218452357ee7f8269d.jpg
milla_basset,https://static1.e621.net/data/82/e0/82e056e7cf858db9f82eb9d033a17b76.png
ruri_tsukiyono,https://static1.e621.net/data/8f/e7/8fe74381de9ef16dfc2d9b39891cff16.jpg
roflfox,https://static1.e621.net/data/01/15/011520b30df492254d3272594c9983b8.png
angel_(lady_and_the_tramp),https://static1.e621.net/data/be/21/be21639b82c678f3ab4a486d7d7f9a3f.jpg
catti_(deltarune),https://static1.e621.net/data/ae/86/ae8642e8a1b755b81b88b2f667ce2057.png
angela_flux,https://static1.e621.net/data/1f/bc/1fbc287f7650ad093f3057ba677c9610.png
vicar_amelia,https://static1.e621.net/data/13/9b/139bca7a738ff7790386f14d3ccf6792.png
shota_feline_(marimo),https://static1.e621.net/data/ae/44/ae44b20f4bd6ee463bf210d42924f8ed.png
mia_(world_flipper),https://static1.e621.net/data/7d/b0/7db040cb995e1c4b070d9000c23d5f04.jpg
tsathoggua_(tas),https://static1.e621.net/data/75/d6/75d61eeaac233996d2a60cb58c2d2c39.jpg
chubby_protagonist_(tas),https://static1.e621.net/data/b1/8e/b18e41dc17581f21b36859e9c3c9ff25.jpg
berry_punch_(mlp),https://static1.e621.net/data/55/c7/55c759d5f16d29f0fd6089ead95700c9.png
lop_(star_wars_visions),https://static1.e621.net/data/cd/2c/cd2c77c39517c0fe6b477d239a318370.png
adelia_(changbae),https://static1.e621.net/data/d2/6b/d26b9e4a48884d717de62e10ada2a727.jpg
silverstream_(mlp),https://static1.e621.net/data/f8/ec/f8ecb0a9fcc0febea74cd272c5b2f3f2.jpg
frye_(splatoon),https://static1.e621.net/data/1b/0f/1b0f0c41971b72be2ab71e5a6d191f03.jpg
kimiko_five-tails,https://static1.e621.net/data/39/b1/39b1acf4eab284d4d3c46ed1f5f41ee9.png
hiro_amanokawa,https://static1.e621.net/data/27/01/27012f0e6a0e05f6b776974f7c8f26ae.jpg
anais_watterson,https://static1.e621.net/data/df/51/df517db416e088dc89c10eb723969168.png
dixie_kong,https://static1.e621.net/data/2c/51/2c512c3969d952d244b8df24467775bd.jpg
april_o'neil,https://static1.e621.net/data/4c/59/4c5998706ffb0e75c95d2aaa6fa8f749.png
averi_(fiddleafox),https://static1.e621.net/data/62/61/6261363a5d5151a431c4538a7d5e2a43.png
808_(hi-fi_rush),https://static1.e621.net/data/3c/58/3c580adae2536003ed86a26d31fd23e1.png
orisa_(overwatch),https://static1.e621.net/data/e6/cf/e6cf9d29923fdaab2f399cc7ac808ec6.jpg
crusch_lulu,https://static1.e621.net/data/25/1f/251f6441a3b436c0bc206f95e443169c.jpg
noms_(nimzy),https://static1.e621.net/data/7b/73/7b736b9e64246882a1bec8a5c63efef1.png
katrina_fowler,https://static1.e621.net/data/24/22/2422eca10901e3fbd5835570778ff0d1.jpg
hariet_(mario),https://static1.e621.net/data/da/95/da95761381ea0ba256d096ee398af0d8.jpg
luck_(animancer),https://static1.e621.net/data/bc/59/bc59852a9c53714fcb6b8013349cb2e1.png
naser_(gvh),https://static1.e621.net/data/a3/9c/a39c88469109a8e8882f023c152924f9.png
sallie_may_(helluva_boss),https://static1.e621.net/data/ed/e2/ede26d05cd6ced628a2c3d9b0abea270.png
tifa_lockhart,https://static1.e621.net/data/6e/ce/6ece13be366a5837ac3abc984c77e08a.png
kalnareff_(character),https://static1.e621.net/data/97/fb/97fbac2f3507e297c93bc4e30b5be665.png
zhen_(kung_fu_panda),https://static1.e621.net/data/f1/31/f13128e01ef6a44c1ee37c25745e6b7d.jpg
dragonplayer_(character),https://static1.e621.net/data/a2/b3/a2b3287b1b0f37bbd7dcc02d8e39e4b8.png
ivy_pepper,https://static1.e621.net/data/87/61/8761a3dfa9bd06eeb0e3da00b083fc1a.png
rosie_(animal_crossing),https://static1.e621.net/data/43/67/43670b7b0102121e103fb5f3087bb838.jpg
thorax_(mlp),https://static1.e621.net/data/98/f9/98f9cc771c4b878b3b76279ac9681cad.jpg
akari_(pokemon),https://static1.e621.net/data/3a/70/3a70cb7dab043518c86e4b6a8ed618fd.png
shima_luan,https://static1.e621.net/data/73/7f/737f07e0ad8d33c69eb5f304e632ddf7.jpg
sandbar_(mlp),https://static1.e621.net/data/0a/57/0a5709441e6731afa4974efa877c4a1d.png
zorori,https://static1.e621.net/data/b0/fb/b0fb53c7c2072d3681d266e8f1579fc0.png
fay_(star_fox),https://static1.e621.net/data/ca/49/ca4965dd4929b573510d8f8afc71fe87.png
diddy_kong,https://static1.e621.net/data/4a/d9/4ad9c8fc7b9f5e7eb92994c64d04ae95.png
shiver_(splatoon),https://static1.e621.net/data/94/6c/946c1754fe637fb9a2cb67687562f878.png
marine_the_raccoon,https://static1.e621.net/data/03/6a/036ac3756ca2ff270e4a86f2a010d4d8.png
crazy_redd,https://static1.e621.net/data/b2/9d/b29d627617ffe247ae029698d267b4a8.png
gabby_(mlp),https://static1.e621.net/data/6e/40/6e401156f931ec11f8a1277a40df3f38.png
mettaton_ex,https://static1.e621.net/data/b2/58/b258577cfc1673d079b226fe514538f1.png
king_ghidorah,https://static1.e621.net/data/5a/2a/5a2a25979303a5ab2f3147cb7758ce7d.png
haydee,https://static1.e621.net/data/5a/b3/5ab362c56c2c8dc0c219edeb175b1308.jpg
warfare_fox,https://static1.e621.net/data/7b/48/7b48196c4b739e8b39d6d9363c8eb3f8.png
helia_peppercats,https://static1.e621.net/data/b1/1b/b11b39be0c7804f3e263eb2cfc966f16.jpg
manitka_storm,https://static1.e621.net/data/aa/4a/aa4ad32e0cc37ef16f4ee338a879e52a.png
doom_slayer,https://static1.e621.net/data/b2/ce/b2ced8ed6f3924d8798f05331449d9ce.jpg
masyunya_(vkontakte),https://static1.e621.net/data/71/fc/71fca868778e629c02409086a2726ca0.jpg
beast_(disney),https://static1.e621.net/data/a6/64/a664f5963645773f722ac2c11b658392.jpg
chip_(disney),https://static1.e621.net/data/ef/8f/ef8f1e3523ae64f055739a2df7981158.png
leon_powalski,https://static1.e621.net/data/dc/c9/dcc9848642d44ca50dd5b35442eb3b28.png
yuni_hermit,https://static1.e621.net/data/4e/6a/4e6a13bd01c317d47a0ae5214f9ef412.png
karyl_(princess_connect!),https://static1.e621.net/data/a6/a4/a6a41075e86b40d97e6242c45399b7f0.jpg
pear_butter_(mlp),https://static1.e621.net/data/ec/2f/ec2fa4b324d07e746b29be45798af80d.png
beau_(animal_crossing),https://static1.e621.net/data/f0/2b/f02b6db7114403c6fccb7e92797a8693.png
aleu_(balto),https://static1.e621.net/data/9a/a3/9aa39eb929058726d1db906cf9414017.jpg
leona_(aka)_little_one,https://static1.e621.net/data/ec/da/ecdaef0015f5ddcad804ad656eb4df52.jpg
espio_the_chameleon,https://static1.e621.net/data/6b/cf/6bcf55d4c338d188b099d39daed2e717.png
mabel_able,https://static1.e621.net/data/43/67/43670b7b0102121e103fb5f3087bb838.jpg
jake_the_dog,https://static1.e621.net/data/f7/cd/f7cd2084e04666be1742432ace70f16b.jpg
emelie_(cyancapsule),https://static1.e621.net/data/f5/3d/f53d1735c119821459132de7263eb80f.png
aurelion_sol_(lol),https://static1.e621.net/data/ef/f1/eff1034fb56af0fa6b2e33a7f0e45aed.jpg
tiger_dancer_(zootopia),https://static1.e621.net/data/4b/55/4b55c203bada076a968ea3fc3950b8f8.jpg
shiron,https://static1.e621.net/data/0f/e8/0fe8095cb93a5555a41bd7a9eaad5529.jpg
jake_clawson,https://static1.e621.net/data/eb/9e/eb9e3734a1e4aef48cb5f5e8bec96331.jpg
princess_bubblegum,https://static1.e621.net/data/68/32/683248407168cd948ca2e13fef2866fa.jpg
bonnie_hopps,https://static1.e621.net/data/eb/a6/eba6b731031da484ca3d5b4a0ec872c1.jpg
tagg,https://static1.e621.net/data/68/d9/68d9be570464547f7152d493d1754c76.png
bingo_heeler,https://static1.e621.net/data/2d/14/2d14ffbb75e069ea0be0df567ec3bf8b.jpg
miia_(monster_musume),https://static1.e621.net/data/e2/b9/e2b99f544321313575c4b95f596482d5.jpg
panda_(we_bare_bears),https://static1.e621.net/data/5c/97/5c9701a3b7e17fd6033e59ba76c07469.jpg
yakko_warner,https://static1.e621.net/data/21/59/2159e02b6a89c713dd9d0a5fc663ba3a.png
flash_sentry_(mlp),https://static1.e621.net/data/19/fd/19fdebc095d055fbf6e2beb0911fd143.png
cerberus_(fortnite),https://static1.e621.net/data/58/d8/58d891837f4acf96187a459e1936b0b4.jpg
tiny_kong,https://static1.e621.net/data/53/bc/53bc8aa18d1c264ce7b751ba520c196c.png
buster_bunny,https://static1.e621.net/data/08/fb/08fb627e9842f7b43f83c6c24906398b.png
bronwyn_(adventure_time),https://static1.e621.net/data/65/f5/65f5490eabf96405c65cf6171e9a782a.jpg
pumkat,https://static1.e621.net/data/56/bf/56bf75419d35db60158855f796def9b6.jpg
protagonist_(live_a_hero),https://static1.e621.net/data/7b/d1/7bd146274e0b7fdd36ebc89c85b87e26.jpg
princess_ruto,https://static1.e621.net/data/a1/c1/a1c1c1ad52a562562d05904748cf2cb9.jpg
easter_bunny,https://static1.e621.net/data/4e/43/4e4300357e9ee13cb7d3b149f31a4121.png
heart_(mad_rat_dead),https://static1.e621.net/data/00/6d/006dc3441ce6d93939981b075b4898f7.jpg
solar_flare_(pvz),https://static1.e621.net/data/8f/93/8f9354b107a2aabd2a3aa85f14b93af0.jpg
apollo_(animal_crossing),https://static1.e621.net/data/ef/f0/eff0f90dd97c2b885521cdf64490edda.png
blahaj,https://static1.e621.net/data/80/dd/80dd88b26183fc4fe24d02522f38bd0c.png
big_man_(splatoon),https://static1.e621.net/data/3d/ee/3dee8cf3ac938339829995cd9a9f09b4.jpg
dingodile,https://static1.e621.net/data/4d/ec/4dec773b75c3b19dd3eb3475d97c7d1b.jpg
snails_(mlp),https://static1.e621.net/data/de/a2/dea27ef0dad08de3e830e086299d4ea0.png
tama-tama,https://static1.e621.net/data/02/5b/025bee0a140fd28a76e3eea807aa639e.png
makoto_nanaya,https://static1.e621.net/data/ff/a4/ffa4d353e3622f368f3d0ab556671c54.jpg
gloria_(madagascar),https://static1.e621.net/data/5c/db/5cdbcbb955c5c6b8f88d621792519f83.png
rip_(psy101),https://static1.e621.net/data/72/2d/722d88612592cc8fb432c18917d727d8.png
gloria_(pokemon),https://static1.e621.net/data/ae/d4/aed480ef1f24c23521b1eb02296efaed.jpg
nubless,https://static1.e621.net/data/e1/09/e10972da91934e9a5fe73ec11abfd00a.png
pipsqueak_(mlp),https://static1.e621.net/data/5c/fe/5cfefade437c29b3f9216cc59be8544e.png
angela_cross,https://static1.e621.net/data/18/43/18430f438b92e005cd6d782e29435c6a.png
hoodwink_(dota),https://static1.e621.net/data/71/0b/710b296218ff3cd1e9d6bde1b3be8995.jpg
skye_(paw_patrol),https://static1.e621.net/data/d1/0e/d10ef9f61b7e3c0d27dfcbc89e70d3fb.png
scourge_the_hedgehog,https://static1.e621.net/data/61/9c/619c2be17d7c61db1fae5f4e5cfb9fa5.png
cynthia_(pokemon),https://static1.e621.net/data/14/34/1434e18a696ac2bc0825bcf47da714e3.jpg
lilith_calah,https://static1.e621.net/data/28/f3/28f3000f5f1fa3ce7e407133cd595db3.png
aamon_(james_howard),https://static1.e621.net/data/34/4f/344f9eff88fb7e5627bcee4f87455e26.jpg
night_(dream_and_nightmare),https://static1.e621.net/data/68/d9/68d9be570464547f7152d493d1754c76.png
runaboo_chica,https://static1.e621.net/data/c2/b7/c2b77a3b0fc464f23a1bbb10915c38af.png
mrs._shy_(mlp),https://static1.e621.net/data/b9/4b/b94b2740ed172109f9848a2f43fa6c1d.jpg
squidward_tentacles,https://static1.e621.net/data/43/d5/43d52f5c9ff225a662af6ffcc36f479a.jpg
perdita,https://static1.e621.net/data/fe/fa/fefaf5c48b2ac313dc7ce9f9ca5a8ad6.jpg
sean_(senz),https://static1.e621.net/data/de/ac/deacf43718c528d53113e035cb3dfa3f.png
dale_(disney),https://static1.e621.net/data/f1/e5/f1e55046365494b5bfa57c7e9c637347.jpg
puzzle_(kadath),https://static1.e621.net/data/61/01/61017ff8777bb008bd8683409817db85.jpg
scp-1471-a_(da.nilkaz),https://static1.e621.net/data/ba/d4/bad498bc1492a2d5732b1735e4d29c74.png
fwench_fwy_(chikn_nuggit),https://static1.e621.net/data/bd/5f/bd5f156a8ed54f6b4b3c6ab55a023eac.png
chiku_(cryptiacurves),https://static1.e621.net/data/01/b9/01b9ca2496ea1d9d98d1975cd5980587.png
digi_(yourdigimongirl),https://static1.e621.net/data/46/c4/46c4897cc2720f766f5b668fce25374e.png
piko_(simplifypm),https://static1.e621.net/data/ea/8a/ea8a6c0004d98901323db248d0b39172.jpg
alopex,https://static1.e621.net/data/81/67/8167d6277046c38740f223ba59094f4d.png
kit_(kitsune_youkai),https://static1.e621.net/data/f9/d1/f9d10cb10585b90a82a5b989a824d137.png
cheese_the_chao,https://static1.e621.net/data/4e/77/4e776b0ff37640d779d7cdbf7581591c.png
chip_(sonic),https://static1.e621.net/data/3e/15/3e15fbc6123dc25e1d960318ba56c288.jpg
shino_(tas),https://static1.e621.net/data/fc/eb/fceb63e84d33b9e5723eca3477ae80f5.jpg
windy_whistles_(mlp),https://static1.e621.net/data/b7/c8/b7c88750cfa4c86a835010b7bbf97e58.png
goat_lucifer_(helltaker),https://static1.e621.net/data/c7/63/c76306c426ad34cf58274fea5a83e1e6.jpg
miranda_(wakfu),https://static1.e621.net/data/ec/e4/ece4a8b82b093eec699ed3571edabd83.jpg
panther_caroso,https://static1.e621.net/data/61/8a/618aa37709e0a67a65d1dbca5faf8646.png
mrs._brisby,https://static1.e621.net/data/05/fb/05fbc4928570ffa60f9e6484784337ef.jpg
warfare_rouge,https://static1.e621.net/data/f7/ab/f7abead5bdc97e3f5b3f174cc76d8012.png
grizzly_(we_bare_bears),https://static1.e621.net/data/5c/97/5c9701a3b7e17fd6033e59ba76c07469.jpg
kitty_softpaws,https://static1.e621.net/data/b4/ee/b4ee070ad0a2edb43523568d193daaa2.jpg
majin_android_21,https://static1.e621.net/data/5c/7d/5c7d21d75f1371fa7742753d18b4e82a.jpg
goemon_(tas),https://static1.e621.net/data/d1/53/d1532874500efc37ebe8bd2723399417.jpg
firebrand,https://static1.e621.net/data/72/8a/728a3c603314219cfb13571ec66cb1fa.jpg
ocellus_(mlp),https://static1.e621.net/data/4c/4b/4c4b117855102602b4a4e1bc9f1cb8ad.jpg
parappa,https://static1.e621.net/data/6d/08/6d0813c90e9a1ccd90abd9d40523e9ad.png
dudley_puppy,https://static1.e621.net/data/d7/e5/d7e5d1dcdb2ba7b10ba57fc697f60c51.png
fink_(ok_k.o.!_lbh),https://static1.e621.net/data/ef/a8/efa8da52de30cee6f9404d12ab534605.png
daxter,https://static1.e621.net/data/7a/09/7a094f58b2c63c81d7cd5b46024f37c4.png
zen_(twokinds),https://static1.e621.net/data/2a/4f/2a4f2b4d2efb77659d5f5e10fbf52eae.png
hybrid_(fortnite),https://static1.e621.net/data/db/04/db04a45b22674876f4936f5b5a60709e.png
cloud_chaser_(mlp),https://static1.e621.net/data/14/6d/146d98ea2d8b8c01b5de9e699f03281f.png
k.k._slider,https://static1.e621.net/data/4f/98/4f98971ec2807440e610a91c2151ac33.jpg
macan_(tas),https://static1.e621.net/data/11/e9/11e92a0ee242afa6665c712047ef3d41.jpg
jay_(1upgobbo),https://static1.e621.net/data/17/7b/177b8d591a8e95bb3d180a922d3ce171.jpg
mike_schmidt,https://static1.e621.net/data/eb/25/eb251f7f2e2f5495ed2ee13226c5bb39.png
red_savarin,https://static1.e621.net/data/6d/3d/6d3d0f587ae4f18811cd94e9df502e12.png
withered_bonnie_(fnaf),https://static1.e621.net/data/d9/dd/d9dd78d0a35bf70ead0e2db8099a2af0.png
lady_bow,https://static1.e621.net/data/e5/3b/e53b1707ceb1b989fdf2d19a9d10f2dc.png
june_(jinu),https://static1.e621.net/data/c1/fd/c1fd05b5f5bc958aba9108e21481e706.jpg
scp-682,https://static1.e621.net/data/4c/d4/4cd4cdb1af19f6df36722f7c35fa1bad.jpg
remmy_cormo,https://static1.e621.net/data/69/2a/692a4e4f96f5be5da015942f2c72d519.png
punchy_(animal_crossing),https://static1.e621.net/data/e1/e1/e1e10862b97beaab7d72001940498373.jpg
spider-man_(character),https://static1.e621.net/data/76/cc/76cc621c3d5524421da8a1bfba87b828.jpg
gin_(blackfox85),https://static1.e621.net/data/dd/bc/ddbcbd90abe5413cc128bd7d7d1e464a.png
velma_dinkley,https://static1.e621.net/data/b4/7d/b47dbf8fb1313b358cab3718ac476941.png
ruins_style_lucario,https://static1.e621.net/data/8a/a1/8aa1b89dc69f7453a3258a61b5a5cdbc.jpg
chikn_nuggit_(chikn_nuggit),https://static1.e621.net/data/ba/88/ba88390add46a8645309e063fb6d4761.png
whitney_(animal_crossing),https://static1.e621.net/data/ab/dc/abdc6651eccda8c40055f8b5cf555c04.png
reppy_(replica),https://static1.e621.net/data/3b/71/3b718ab18869352b4a9806261cf8a2d1.jpg
kled_(lol),https://static1.e621.net/data/02/7b/027b47031859c0649dbf0aff118680e8.png
0r0,https://static1.e621.net/data/4b/04/4b04fdecc743a577b66bdc2a41924773.jpg
daisy_duck,https://static1.e621.net/data/86/f5/86f5f423bd0570befff03c3358c5e5b4.png
elza_(interspecies_reviewers),https://static1.e621.net/data/a5/c6/a5c6dcaa3427dd3734771ec7f7f33fda.jpg
mangle_(broken),https://static1.e621.net/data/ae/f4/aef42860777c20a2714da59cb37926fa.png
kennen_(lol),https://static1.e621.net/data/bf/1b/bf1bb10c62d9fddaf2ef0ee25b5db800.png
quetzalcoatl_(dragon_maid),https://static1.e621.net/data/41/59/41593614ebb52de22bedca8fd02c09a6.png
tai_lung_(kung_fu_panda),https://static1.e621.net/data/78/6e/786e46045c9ede6785f1d95cc47a93bc.png
kounosuke_(morenatsu),https://static1.e621.net/data/5d/cb/5dcbf0b4d50d695ff51217bfe2fedf43.png
pyro_(team_fortress_2),https://static1.e621.net/data/ba/02/ba027a400b9bb702bf800eccab21c678.jpg
hazel_(shakotanbunny),https://static1.e621.net/data/0d/0b/0d0b5385adfa6436d57fc2a12f927a86.png
serena_(pokemon),https://static1.e621.net/data/56/6d/566debfc755269ec96236db03833c07f.jpg
dean_(drako1997),https://static1.e621.net/data/a7/fa/a7fa128fc1a3117505005ac3a9f885e9.png
lady_(lady_and_the_tramp),https://static1.e621.net/data/50/45/5045b245ab93ac997800f9370a536198.jpg
vibri,https://static1.e621.net/data/54/c1/54c182fb766225094675ba496c497e6d.png
white_canine_(marimo),https://static1.e621.net/data/ae/44/ae44b20f4bd6ee463bf210d42924f8ed.png
neeko_(lol),https://static1.e621.net/data/02/f2/02f23812b0627b5cbda9213b136693b7.jpg
tany_(doneru),https://static1.e621.net/data/9e/d3/9ed3a8eec0e5d139bc4b559f8ddfb39e.jpg
soups_(superiorfox),https://static1.e621.net/data/df/7f/df7f996d76f628c1786f4800ee159514.png
eti_(utopianvee),https://static1.e621.net/data/e5/d4/e5d483c91808a06dfe01e5e868574709.png
shikabane_(aggretsuko),https://static1.e621.net/data/1c/ae/1caeaf8f91b295b8d6c1efc73472fd72.png
spitey,https://static1.e621.net/data/c4/5a/c45a64c4d061857a6fbb7558d6637865.jpg
skylar_fidchell,https://static1.e621.net/data/67/00/6700ead5ee365d5cb2e9be06faf3c51f.jpg
flaky_(htf),https://static1.e621.net/data/a8/11/a81158cb69e80fadce1fc523956bcacc.png
corrupt_cynder,https://static1.e621.net/data/4a/53/4a537739a2e1c77fb6c7e9be0d97033a.png
shino_(animal_crossing),https://static1.e621.net/data/a9/0a/a90abaded24a8ceda49127a1ac9f1b89.jpg
timon,https://static1.e621.net/data/08/f6/08f6b2d01d100c990ff8ba1aeaa28927.png
lila_(kashiwagi_aki),https://static1.e621.net/data/bd/ac/bdac65440078dc6ceb54f71385f8959a.png
striker_(helluva_boss),https://static1.e621.net/data/62/bc/62bc08bee6eb931c1ec5499453d29b4d.jpg
death_(personification),https://static1.e621.net/data/a2/05/a20579c1386beeab585ddfecf19f93a0.jpg
off_the_hook_(splatoon),https://static1.e621.net/data/31/0c/310c140c4b9ea1cac71b16ec53ac754a.jpg
yoshi_(character),https://static1.e621.net/data/d9/fc/d9fcf61d861db3d39a2b4fc59d21fb1a.jpg
calem_(pokemon),https://static1.e621.net/data/a6/c3/a6c3d24e6e8190318d99c2c98d036232.jpg
laura_(twokinds),https://static1.e621.net/data/81/92/81925320beb96d88feb41ad3cda5f746.png
beast_boy,https://static1.e621.net/data/8c/ab/8cabe8fa2f9a77ce24f487c78bc33097.jpg
maggie_hudson,https://static1.e621.net/data/48/25/4825cfebcb0dd04aca944570277065d8.jpg
dasha_(petruz),https://static1.e621.net/data/1b/52/1b529aa07007b4b3245f833be81fbd5a.jpg
mrs._wilde,https://static1.e621.net/data/4f/1b/4f1bc6899055182fe716b8b91d21d74f.png
katt_monroe,https://static1.e621.net/data/28/f3/28f3000f5f1fa3ce7e407133cd595db3.png
rabbid_peach,https://static1.e621.net/data/2b/83/2b836fe3f4a0499879900a4b9d02e3e4.jpg
izuku_midoriya,https://static1.e621.net/data/5d/bf/5dbfac2bc77cf29dc8cd6651699966f8.png
tadano_(aggretsuko),https://static1.e621.net/data/6a/61/6a61c8c84497f1e44aaa6c542cd8ac6a.png
aisyah_zaskia_harnny,https://static1.e621.net/data/12/f1/12f16738f5cfe75fc6c4cf55a6ca326d.jpg
alex_(harmarist),https://static1.e621.net/data/d4/19/d41968fabe23f03f6016a0471a56fe55.png
nazrin,https://static1.e621.net/data/d9/3b/d93bb26096ee035fa80f29f1af1a8b6a.jpg
zinovy,https://static1.e621.net/data/1e/e9/1ee981df87e0d6a808bb3aef54924898.png
courage_the_cowardly_dog_(character),https://static1.e621.net/data/f7/e7/f7e74b8822d46c19d1002f4b602b7c18.png
lin_hu,https://static1.e621.net/data/2c/3d/2c3d938c5c7fcac4435e3b8b5d1405fd.jpg
dixie_(tfath),https://static1.e621.net/data/10/18/1018dbb171bd135ce15fd058a15150b8.jpg
metal_sonic,https://static1.e621.net/data/0a/8b/0a8b33dbbbcb7cb8f99535492c70d6e1.jpg
law_(sdorica),https://static1.e621.net/data/d4/e0/d4e0be8b5a2556e2e89a8737485be98b.jpg
zhali,https://static1.e621.net/data/1f/17/1f1750d62b708fa74e014ade5c199829.jpg
mountain_(arknights),https://static1.e621.net/data/8c/64/8c6461607612cd836f27ae4914635f8d.png
toon_link,https://static1.e621.net/data/b5/21/b5215b35d163e7da97db19b88ef6da41.png
ero_(erobos),https://static1.e621.net/data/36/c1/36c1c33af66075c5a88034c529410b8b.png
rocky_rickaby,https://static1.e621.net/data/c8/f0/c8f0f58d536840445a8d8abfc923376b.png
mora_linda,https://static1.e621.net/data/0a/a7/0aa79ac309c653596fbbd7e67c015539.jpg
ceroba_ketsukane,https://static1.e621.net/data/71/7a/717a1fb35fe41f0345980c3af4f78c19.png
bunsen,https://static1.e621.net/data/04/3e/043ea25af241cddf4abb7c625e7995c6.png
king_clawthorne,https://static1.e621.net/data/b1/48/b1487a2c5bf92d5f53bed64041010bdf.png
jewel_(rio),https://static1.e621.net/data/c4/8c/c48cc84777a7f13dccbf4a6d5ee81d25.png
bojack_horseman_(character),https://static1.e621.net/data/56/7d/567d38bf6fd7c4f2fdf623632083ec48.jpg
red_(pokemon),https://static1.e621.net/data/be/b3/beb3c8989d35970aa8ccc325eb617392.jpg
lightning_dust_(mlp),https://static1.e621.net/data/9e/f0/9ef0a82132c71e32ad2c5f20a21571bc.png
smolder_(lol),https://static1.e621.net/data/f7/c7/f7c7bb99e427b2292aeea1820875e1bd.jpg
stellar_flare_(mlp),https://static1.e621.net/data/ac/65/ac65424a42d96930489ebfeaee5a956a.png
boron_brioche,https://static1.e621.net/data/35/92/3592043bbe26dd86d7c37e95b5604bf1.jpg
leo_(vg_cats),https://static1.e621.net/data/52/37/5237ccfa18200a73c3114dea1acf2c8e.png
jonty,https://static1.e621.net/data/e7/13/e71390cb4b7724c6e01081c0743625fc.png
ornn_(lol),https://static1.e621.net/data/e2/2f/e22fa584176a5fe1b2a789cc955a61d5.jpg
monomasa,https://static1.e621.net/data/d2/46/d24649fc9d2ac59fe3187572d45a31fe.jpg
mirage_(disney),https://static1.e621.net/data/da/35/da35e6639bcb30b4a6dd6fb3c17b05a6.jpg
artificer_(rain_world),https://static1.e621.net/data/6e/d3/6ed3fad88bc966a451750e30face7a66.png
tommy_nook,https://static1.e621.net/data/43/67/43670b7b0102121e103fb5f3087bb838.jpg
fang_the_weavile,https://static1.e621.net/data/0d/ed/0dedf08ebc8082d7edf363dfd32cc667.png
rumble_(lol),https://static1.e621.net/data/66/b3/66b36bc2a0830af68886348ad4a95309.jpg
cake_the_cat,https://static1.e621.net/data/1c/6a/1c6a45d6870ab4376a58e845761a79f7.png
cozy_glow_(mlp),https://static1.e621.net/data/36/d5/36d55573413a2efb95f9e5373d01a9f2.png
sawyer_(cats_don't_dance),https://static1.e621.net/data/28/f3/28f3000f5f1fa3ce7e407133cd595db3.png
timmy_nook,https://static1.e621.net/data/43/67/43670b7b0102121e103fb5f3087bb838.jpg
kitsunami_the_fennec,https://static1.e621.net/data/4a/f5/4af507a9c559df18a864ae09b84ba1c4.jpg
raven_hunt,https://static1.e621.net/data/02/ff/02ff9ff8b1468aa6d6279e292096fe00.png
werefox_(character),https://static1.e621.net/data/13/10/13102a3f116240df5d095421de11088c.jpg
my_melody,https://static1.e621.net/data/a7/48/a7480998365192d377d351c6fe32009e.png
glitchtrap,https://static1.e621.net/data/77/12/77127acaaf967575b24865cf3b8eebe1.jpg
rune_(wooled),https://static1.e621.net/data/38/ac/38aca8a745f1ee58fc2bab8c47964404.png
calvin_mcmurray,https://static1.e621.net/data/a5/28/a5282162966eceff66f44fed556310d2.jpg
buxbi_(character),https://static1.e621.net/data/02/f9/02f91b2e4376d30befcc6576e32aae77.png
spot_(arknights),https://static1.e621.net/data/8c/64/8c6461607612cd836f27ae4914635f8d.png
yohack,https://static1.e621.net/data/91/24/912478e6e265b4632294ffc0256af253.jpg
kanna_(blaster_master),https://static1.e621.net/data/13/13/1313294ada65e605698782e5053d14a9.png
renimpmon,https://static1.e621.net/data/88/2f/882fe9d3ddd25f432659950b7d3dc48e.jpg
sea_salt,https://static1.e621.net/data/01/3a/013a1453312d77176ca1a240995328cc.png
michelle_(dashboom),https://static1.e621.net/data/c3/f4/c3f432b6d87ad5f84ed00f95561581c4.png
pac-man,https://static1.e621.net/data/20/29/20298847b2c3dbba354d99f3c43b69fa.jpg
tina_(james_howard),https://static1.e621.net/data/34/4f/344f9eff88fb7e5627bcee4f87455e26.jpg
ice_bear_(we_bare_bears),https://static1.e621.net/data/d5/cd/d5cd03393b4b1680583bb40cd1afa8b1.png
oleander_(tfh),https://static1.e621.net/data/51/b2/51b2478218339d76fa12877291596940.png
gervic_(vju79),https://static1.e621.net/data/69/61/6961704a29a3b7765ba04dc7dc40950d.jpg
spring_bonnie_(fnaf),https://static1.e621.net/data/c4/23/c423ee1b78d630939b0db32c1318716d.jpg
mineru,https://static1.e621.net/data/f9/21/f9213b7c3d871397630340ef7de929d4.png
yi_(nine_sols),https://static1.e621.net/data/27/4c/274cbb1a58675f32cdbff2aa3b80a4a5.jpg
zira_(the_lion_king),https://static1.e621.net/data/0c/e6/0ce6a0a433ac6d9815416af41938a074.jpg
lara_croft,https://static1.e621.net/data/a0/68/a0689b990e13ec6e421d216a9d8696bf.jpg
trevor-fox_(character),https://static1.e621.net/data/bf/93/bf93f27b9537e93aa3ed84d7db9f99fd.png
rika_nonaka,https://static1.e621.net/data/f6/64/f6643936db08e1b489528eef9933e8a9.png
cuddle_team_leader,https://static1.e621.net/data/55/1b/551bc20f03903279adeeca1dfa4d2ade.png
bast,https://static1.e621.net/data/1c/57/1c57a58e1cafbcb5ac14f5eb662bedb2.jpg
dr._voir,https://static1.e621.net/data/0b/48/0b48531f1b736c903e0ad421e251950e.jpg
zeena,https://static1.e621.net/data/55/fe/55fea7de49bb21846fb4c927bb163575.jpg
urbosa,https://static1.e621.net/data/31/73/3173530e418d10f5288887a773a8a9a9.jpg
drum_bunker_dragon,https://static1.e621.net/data/ae/bc/aebc52ed095c0ba17d9efc2b464a64e5.jpg
meru_(merunyaa),https://static1.e621.net/data/c9/3f/c93f336a407ef474a2b5835044900ce2.png
zim_(invader_zim),https://static1.e621.net/data/1c/7e/1c7ed742325f82ce3692e22c691ae368.jpg
agyo_(tas),https://static1.e621.net/data/41/f4/41f4142771de187e15e3b7ab37aba2c7.jpg
stripe_heeler,https://static1.e621.net/data/2d/14/2d14ffbb75e069ea0be0df567ec3bf8b.jpg
victor_johansen,https://static1.e621.net/data/15/3e/153e019c7e453d19188abdc80388fe0c.jpg
patricia_bunny,https://static1.e621.net/data/17/c8/17c8154ea3ba4bf597d25fdcf788ff38.png
centorea_shianus_(monster_musume),https://static1.e621.net/data/cb/ef/cbeff73831cc71957b65e3e67f8da5e6.png
eda_clawthorne,https://static1.e621.net/data/9f/58/9f58418e5b57cc15548110fcc4f507f8.jpg
winnie_werewolf_(ghoul_school),https://static1.e621.net/data/df/ef/dfef894a9879e49f7fc2d0235bddd03e.jpg
kicks_(animal_crossing),https://static1.e621.net/data/8b/70/8b70d76a329c7c27803928fab7938685.png
purgy,https://static1.e621.net/data/71/2d/712d3d408fce9fcd0e090f5a0127ba0f.png
pavita_pechugona,https://static1.e621.net/data/17/2b/172bad30ad2008365725f537f5e041ac.png
burgerpants,https://static1.e621.net/data/97/f2/97f2b31430476acb5d49b2cd8bbd63c9.jpg
esix,https://static1.e621.net/data/12/15/1215c77794ab76a0286543f12e8bba7f.png
vixavil_hayden,https://static1.e621.net/data/bd/b4/bdb4759702d9a7210bb18fa00b3298f6.png
clank_(ratchet_and_clank),https://static1.e621.net/data/6e/ce/6ece13be366a5837ac3abc984c77e08a.png
shadow_(lol),https://static1.e621.net/data/2e/e5/2ee5d9507660d0fade1138132d5accd2.jpg
rita_(jungledyret),https://static1.e621.net/data/29/b5/29b50dc89219d3a70e119b52d509b9b1.png
princess_molestia,https://static1.e621.net/data/ab/c5/abc508f4bc25373ab23011505b3f67ea.png
tinker_bell_(disney),https://static1.e621.net/data/d3/29/d32975437550cd85053525ad4687fbb1.jpg
rosa_(pokemon),https://static1.e621.net/data/ec/67/ec67169b35b0348a495612249d058236.png
spinel_(sepiruth),https://static1.e621.net/data/d8/c7/d8c7da1c0eab3f0235bbcfe3feacaee8.jpg
milky_way_(flash_equestria),https://static1.e621.net/data/97/fe/97fecdab97f6629c368751f9cedcd22d.png
munks_(munkeesgomu),https://static1.e621.net/data/ab/6f/ab6f4bc53a596da60f88fde5a44b23ed.png
gummy_(mlp),https://static1.e621.net/data/f5/8e/f58ef405872d564ae79ca7f3eb2e907e.png
gemma_polson,https://static1.e621.net/data/fe/cf/fecf15f8c9f5f869b48ff8174a37f5c6.jpg
minuette_(mlp),https://static1.e621.net/data/8a/49/8a495f3a49d8897be8aca5788350b81d.jpg
sora_(kingdom_hearts),https://static1.e621.net/data/ce/5f/ce5fbea6fe708e73f25c404b08013bcd.jpg
marilyn_(quotefox),https://static1.e621.net/data/5e/c2/5ec2723e7dc50ee34efa305bf199be87.jpg
duck_hunt_dog,https://static1.e621.net/data/42/17/4217a32ec6832576fd6b7379fb39bb22.jpg
alvin_seville,https://static1.e621.net/data/68/df/68df59fa7c1510e2bd5d3480b4a1a692.jpg
chico_(fuel),https://static1.e621.net/data/07/c0/07c084e4faf495f2be1ddacc8a69c375.png
flippy_(htf),https://static1.e621.net/data/68/df/68df59fa7c1510e2bd5d3480b4a1a692.jpg
batman,https://static1.e621.net/data/9a/2d/9a2d209cdd823a90a3b17d98d921ad1f.png
amber_(snoot_game),https://static1.e621.net/data/a2/cc/a2cc1201dc0d4637e28238bf27052715.png
meta_knight,https://static1.e621.net/data/89/35/8935c774e7a02392d1803fc9b944351b.png
hadou_(satsui-n0-had0u),https://static1.e621.net/data/9f/c4/9fc49875de03a34740c89e4a5f179c0d.png
steve_(minecraft),https://static1.e621.net/data/24/df/24df61a4cdfd303d666267aa38c98025.png
dylan_(101_dalmatians),https://static1.e621.net/data/9b/e9/9be9493a1fc9c55dcc9e1df6746c8b56.png
keeshee,https://static1.e621.net/data/75/23/7523bdff5826cdf0b81071712e4d895a.png
rose_(mlp),https://static1.e621.net/data/72/36/723677de8ed48f4c1fb71af36b89f16b.jpg
pone_keith,https://static1.e621.net/data/ad/6e/ad6e77a07f25193164a492b678b4a669.png
goku,https://static1.e621.net/data/73/42/73429f2f2b7054b26100297b4945c134.jpg
mipha,https://static1.e621.net/data/e8/9c/e89c5b814f913cd89ba083e7e279748f.jpg
mr._shark_(the_bad_guys),https://static1.e621.net/data/6f/33/6f334c5125e4f7e66186bbded5d1c418.png
wakko_warner,https://static1.e621.net/data/21/59/2159e02b6a89c713dd9d0a5fc663ba3a.png
ms._tarantula_(the_bad_guys),https://static1.e621.net/data/6f/33/6f334c5125e4f7e66186bbded5d1c418.png
milachu,https://static1.e621.net/data/d4/7e/d47e4e9afef3397f848fcd4d2e2ec401.png
caster_tamamo-no-mae,https://static1.e621.net/data/9f/70/9f70ac9857ad353cd5489cfed85841bd.jpg
celio_(peritian),https://static1.e621.net/data/a3/17/a3172802a3f7afa72addb05ad2beb58a.png
julie_bruin,https://static1.e621.net/data/81/c8/81c8dc2fde04d30394f20d9e47ca2a6d.png
leggy_lamb,https://static1.e621.net/data/48/03/48030408ebea99654d6a68b1c1ac972e.png
everest_(paw_patrol),https://static1.e621.net/data/28/1b/281b8c2ed820e5d7206fd622ec449549.jpg
tree_hugger_(mlp),https://static1.e621.net/data/37/8d/378d93ac9906d0897dcc43bfe38b6477.png
the_shark_(changed),https://static1.e621.net/data/b2/b2/b2b2e0687a3ae5a68131a47ec956eadd.png
urdnot_wrex,https://static1.e621.net/data/08/e8/08e8700868c12027f4ed8536d285f9b1.jpg
kit_cloudkicker,https://static1.e621.net/data/90/62/9062bb66e4f4c8d773fe2e4e084f0b45.png
squid_sisters_(splatoon),https://static1.e621.net/data/e1/c1/e1c137b67c9c73750e3f5523044c09af.jpg
pip_(paladins),https://static1.e621.net/data/c4/0c/c40c92c71591be24e63f524394d46da2.jpg
graff_filsh,https://static1.e621.net/data/22/21/2221a67f20eec63ba45f40201a63858e.jpg
kogenta_(onmyou_taisenki),https://static1.e621.net/data/d2/83/d283e3c5366fbf759298dc514d9cb79b.png
roy_koopa,https://static1.e621.net/data/37/44/3744c91de590999fc758c94d5ee29f4f.jpg
alphonse_(james_howard),https://static1.e621.net/data/b3/3f/b33f890f42f4d91e6a5f4eebece95dc2.jpg
megumi_bandicoot,https://static1.e621.net/data/46/a7/46a713e06a32b00de2d5eea4f0f1ba42.jpg
jen_(vf),https://static1.e621.net/data/56/81/56819eebeefecc25baf3a0d114562f5f.png
freddy_(dislyte),https://static1.e621.net/data/71/c7/71c7c7904c2a0aa0f8466414b1607099.jpg
sage_(gvh),https://static1.e621.net/data/8d/4f/8d4f19dd2d3c84de03acaca57adb72ab.png
jacki_northstar,https://static1.e621.net/data/c8/da/c8daa9a3f938fdc429e67137cccd0798.png
doraemon_(character),https://static1.e621.net/data/e8/3a/e83abf2225822a1822986e6956dc7a15.png
russell_(castbound),https://static1.e621.net/data/cc/80/cc80924ea65ee8968046194f4141fd5a.jpg
ginger_(iginger),https://static1.e621.net/data/31/b0/31b005499fe09eb9121898fc5cb36e2b.png
kamek,https://static1.e621.net/data/8c/3e/8c3eb92b86f576c2594b3b037555f0ff.jpg
carrot_top_(mlp),https://static1.e621.net/data/54/38/5438c892c4a8d7b7a75a796065186d03.png
viola_bat_(character),https://static1.e621.net/data/c1/6f/c16f55ca7241a55fa77300a401d1e213.png
pwink_(mr.pink),https://static1.e621.net/data/fc/2d/fc2d2eb0af647a16fad10358c9d5ca60.png
azula_arktandr,https://static1.e621.net/data/05/86/0586407532ddd4e4bc2fbc5c3b706a96.png
cuphead_(character),https://static1.e621.net/data/dd/50/dd508fb230e2886384e7c8b24b3f694f.jpg
jeane_(ceehaz),https://static1.e621.net/data/f2/7a/f27a2dc776b47a7580d747de9f93dd42.png
nia_(senz),https://static1.e621.net/data/69/02/6902dbd80ea5a01e5ddf91c414f8a32b.png
jack_frost_(megami_tensei),https://static1.e621.net/data/f1/22/f122be1445cc108e65cf5c960ae3cbc9.png
etis,https://static1.e621.net/data/53/5c/535cb9a18282e7b8f3f91c6a134964d7.jpg
mary_senicourt,https://static1.e621.net/data/0b/a8/0ba8da38058e58ab4a60f61727f7022f.png
crunch_bandicoot,https://static1.e621.net/data/01/0a/010aa1aaacd29db387ef949357f4288c.png
pyon_(lewdchuu),https://static1.e621.net/data/7c/5c/7c5cc5d5f1bdadbc3eef6186d9c8f794.jpg
pete_(disney),https://static1.e621.net/data/cc/65/cc652e94a61073ed5413cedf0403774f.jpg
paprika_paca_(tfh),https://static1.e621.net/data/51/b2/51b2478218339d76fa12877291596940.png
mormoopia_rouge_(bigdad),https://static1.e621.net/data/8e/81/8e8177098dc7a64c42de124b9295a073.png
pyron,https://static1.e621.net/data/5a/fb/5afb60955c810fc4c5b6a8197004bd60.png
arizona_cow_(tfh),https://static1.e621.net/data/51/b2/51b2478218339d76fa12877291596940.png
follower_(cult_of_the_lamb),https://static1.e621.net/data/bb/46/bb46df540303cce5184fe5f51ea0ebeb.jpg
fionna_the_human,https://static1.e621.net/data/1c/6a/1c6a45d6870ab4376a58e845761a79f7.png
kyubi_(yo-kai_watch),https://static1.e621.net/data/5b/5a/5b5a7bcf1904e9eea1539a1d2abc1ced.png
jumba_jookiba,https://static1.e621.net/data/47/92/479285afe63d0d27a3142f663ca89a2d.png
pubraseer,https://static1.e621.net/data/8b/62/8b622180a68b4e780f3f134c086b345d.jpg
lt._fox_vixen,https://static1.e621.net/data/77/bf/77bfad288d113f1167cc97f3a7b27218.png
circus_baby_(fnaf),https://static1.e621.net/data/85/93/85930a659390480a5287b5ceb6f78b28.png
chloe_sinclaire,https://static1.e621.net/data/c9/a6/c9a6c7893fffb111805785fef0a89b38.jpg
serah_(black-kitten),https://static1.e621.net/data/f0/ee/f0eea5a42479709c85eb032c3780fc45.png
shin_(morenatsu),https://static1.e621.net/data/d7/6d/d76d4ab147bba18980c37ee193f21bd2.jpg
jess_(teckly),https://static1.e621.net/data/b1/50/b1502830f6772047ade63fee373c8666.jpg
twink_protagonist_(tas),https://static1.e621.net/data/d2/ac/d2ac5f5d31d35f1fecd1016d140f767a.jpg
the_dark_urge_(baldur's_gate),https://static1.e621.net/data/0d/d1/0dd1dd1019434dada19065e9e1859d11.jpg
colleen_(road_rovers),https://static1.e621.net/data/bf/fe/bffee6585ee9af008b2ca3c87267c579.jpg
monique_pussycat,https://static1.e621.net/data/5e/4e/5e4e10aa4754ce03bfaa33fc782da42e.jpg
leo_alvarez,https://static1.e621.net/data/b7/1c/b71cb551d3b89d303f1db87e5dfbaa2c.png
hiccup_horrendous_haddock_iii,https://static1.e621.net/data/21/86/2186dfb0ac1ee0c207d4c43ab743f3a2.png
mammon_(helluva_boss),https://static1.e621.net/data/07/d3/07d3524d395b5791f5a0e459ef78eac0.jpg
demon_lord_dragon_batzz,https://static1.e621.net/data/ff/d5/ffd55b10d6e691213a426b3c1489fba7.png
sabrith_ebonclaw,https://static1.e621.net/data/ad/18/ad18109d1ff1b7a82a54b4dae72dd7bb.png
will_(harmarist),https://static1.e621.net/data/d1/47/d1474d1b5fc55b5705c464734b836791.png
likulau,https://static1.e621.net/data/55/5f/555f509bf3f3d1ecc823956676c10a4c.jpg
muko,https://static1.e621.net/data/39/15/39154451bf894c967b200dcae1163b53.jpg
ganba,https://static1.e621.net/data/f0/77/f077e0e30cc58dba9e158bf83fd1fa06.png
arno_(peritian),https://static1.e621.net/data/a3/17/a3172802a3f7afa72addb05ad2beb58a.png
amon_(atrolux),https://static1.e621.net/data/ea/6b/ea6bd1dd5676be299376705af94afa81.jpg
jimmy_crystal,https://static1.e621.net/data/0f/fc/0ffcbb2096e1e76b869b63694548f48e.jpg
goumang_(nine_sols),https://static1.e621.net/data/38/6d/386d7cf796f583453cf5ab2bcd8d7071.png
snips_(mlp),https://static1.e621.net/data/87/80/87806577a5c097e6e5981ed6fe1d9ca2.png
cofi_(chikn_nuggit),https://static1.e621.net/data/ba/88/ba88390add46a8645309e063fb6d4761.png
fizzarolli_(helluva_boss),https://static1.e621.net/data/95/9b/959b539e6795ff41d6d46e078144f9a8.jpg
mr._cake_(mlp),https://static1.e621.net/data/9b/c4/9bc4a251d1be29f7d90ac39064a2dac1.png
ulti_(ultilix),https://static1.e621.net/data/c1/24/c124ef76ed154e4e44a00274576a9f95.png
stu_hopps,https://static1.e621.net/data/bc/44/bc44e5230c235a5f29b1f961adbb315a.jpg
louie_duck,https://static1.e621.net/data/df/c0/dfc0ae26f7d1e9ad4706d9b61d50ddcb.png
panini_(chowder),https://static1.e621.net/data/68/b1/68b1c1efb115b35be53599f4d7f18c8e.png
winnie_werewolf_(hotel_transylvania),https://static1.e621.net/data/03/e5/03e5ca2d83573213d5841f7d816306d6.png
dakka,https://static1.e621.net/data/50/ad/50ada3ce1265e74f6df1bf2be9dbecd9.png
marshall_(paw_patrol),https://static1.e621.net/data/a9/45/a945fe4f842227727c0a145ae217acf6.png
mamoru-kun,https://static1.e621.net/data/c9/78/c978a8e9b1185e12fd15a4718f512087.png
